precinct,Begich/Call,Dunleavy/Meyer,Toien/Clift,Walker/Mallott,Write-in,totalVotes,dunleavyPercent,begichPercent,walkerPercent,toienPercent,winner,precinctName,DISTRICT,precinctNumber,rMargin
01-446 Aurora ,45,17,1,2,5,70,0.24285714285714285,0.6428571428571429,0.02857142857142857,0.014285714285714285,begich,Aurora ,01-446,446 ,-0.4
01-455 Fairbanks No. 1 ,17,48,7,8,7,87,0.5517241379310345,0.19540229885057472,0.09195402298850575,0.08045977011494253,dunleavy,Fairbanks No. 1 ,01-455,455 ,0.3563218390804598
01-465 Fairbanks No. 2 ,87,64,7,5,7,170,0.3764705882352941,0.5117647058823529,0.029411764705882353,0.041176470588235294,begich,Fairbanks No. 2 ,01-465,465 ,-0.1352941176470588
01-470 Fairbanks No. 3 ,18,64,10,3,8,103,0.6213592233009708,0.17475728155339806,0.02912621359223301,0.0970873786407767,dunleavy,Fairbanks No. 3 ,01-470,470 ,0.44660194174757273
01-475 Fairbanks No. 4 ,48,47,5,5,9,114,0.41228070175438597,0.42105263157894735,0.043859649122807015,0.043859649122807015,begich,Fairbanks No. 4 ,01-475,475 ,-0.008771929824561375
01-480 Fairbanks No. 5 ,10,20,8,4,8,50,0.4,0.2,0.08,0.16,dunleavy,Fairbanks No. 5 ,01-480,480 ,0.2
01-485 Fairbanks No. 6 ,71,81,6,2,3,163,0.49693251533742333,0.43558282208588955,0.012269938650306749,0.03680981595092025,dunleavy,Fairbanks No. 6 ,01-485,485 ,0.06134969325153378
01-490 Fairbanks No. 7 ,12,95,2,7,5,121,0.7851239669421488,0.09917355371900827,0.05785123966942149,0.01652892561983471,dunleavy,Fairbanks No. 7 ,01-490,490 ,0.6859504132231405
01-495 Fairbanks No. 10 ,70,56,5,1,4,136,0.4117647058823529,0.5147058823529411,0.007352941176470588,0.03676470588235294,begich,Fairbanks No. 10 ,01-495,495 ,-0.1029411764705882
02-345 Badger No. 2 ,40,78,5,4,8,135,0.5777777777777777,0.2962962962962963,0.02962962962962963,0.037037037037037035,dunleavy,Badger No. 2 ,02-345,345 ,0.28148148148148144
02-355 Fairbanks No. 8 ,47,65,8,5,4,129,0.5038759689922481,0.3643410852713178,0.03875968992248062,0.06201550387596899,dunleavy,Fairbanks No. 8 ,02-355,355 ,0.13953488372093026
02-365 Fairbanks No. 9 ,91,64,2,4,7,168,0.38095238095238093,0.5416666666666666,0.023809523809523808,0.011904761904761904,begich,Fairbanks No. 9 ,02-365,365 ,-0.1607142857142857
02-375 Fort Wainwright ,23,16,4,8,8,59,0.2711864406779661,0.3898305084745763,0.13559322033898305,0.06779661016949153,begich,Fort Wainwright ,02-375,375 ,-0.11864406779661019
03-130 Badger No. 1 ,26,89,1,8,10,134,0.664179104477612,0.19402985074626866,0.05970149253731343,0.007462686567164179,dunleavy,Badger No. 1 ,03-130,130 ,0.4701492537313433
03-135 Chena Lakes ,97,29,8,9,8,151,0.19205298013245034,0.6423841059602649,0.059602649006622516,0.052980132450331126,begich,Chena Lakes ,03-135,135 ,-0.45033112582781454
03-165 Newby ,20,38,8,2,7,75,0.5066666666666667,0.26666666666666666,0.02666666666666667,0.10666666666666667,dunleavy,Newby ,03-165,165 ,0.24000000000000005
03-175 North Pole ,42,90,7,7,1,147,0.6122448979591837,0.2857142857142857,0.047619047619047616,0.047619047619047616,dunleavy,North Pole ,03-175,175 ,0.326530612244898
03-183 Plack ,12,37,3,9,7,68,0.5441176470588235,0.17647058823529413,0.1323529411764706,0.04411764705882353,dunleavy,Plack ,03-183,183 ,0.3676470588235293
04-230 Ester ,60,27,5,5,9,106,0.25471698113207547,0.5660377358490566,0.04716981132075472,0.04716981132075472,begich,Ester ,04-230,230 ,-0.3113207547169811
04-240 Farmers Loop ,44,98,8,8,5,163,0.6012269938650306,0.26993865030674846,0.049079754601226995,0.049079754601226995,dunleavy,Farmers Loop ,04-240,240 ,0.3312883435582822
04-250 Goldstream No. 1 ,66,42,3,3,9,123,0.34146341463414637,0.5365853658536586,0.024390243902439025,0.024390243902439025,begich,Goldstream No. 1 ,04-250,250 ,-0.1951219512195122
04-260 Goldstream No. 2 ,31,94,8,9,1,143,0.6573426573426573,0.21678321678321677,0.06293706293706294,0.055944055944055944,dunleavy,Goldstream No. 2 ,04-260,260 ,0.4405594405594405
04-265 Steese East-Gilmore ,85,24,7,7,3,126,0.19047619047619047,0.6746031746031746,0.05555555555555555,0.05555555555555555,begich,Steese East-Gilmore ,04-265,265 ,-0.4841269841269842
04-270 Steese West ,28,20,8,8,2,66,0.30303030303030304,0.42424242424242425,0.12121212121212122,0.12121212121212122,begich,Steese West ,04-270,270 ,-0.12121212121212122
04-280 University Hills ,71,25,6,4,9,115,0.21739130434782608,0.6173913043478261,0.034782608695652174,0.05217391304347826,begich,University Hills ,04-280,280 ,-0.4
05-580 Airport ,53,78,8,7,8,154,0.5064935064935064,0.34415584415584416,0.045454545454545456,0.05194805194805195,dunleavy,Airport ,05-580,580 ,0.16233766233766228
05-582 Chena ,27,85,6,2,3,123,0.6910569105691057,0.21951219512195122,0.016260162601626018,0.04878048780487805,dunleavy,Chena ,05-582,582 ,0.4715447154471545
05-586 Geist ,31,22,9,2,10,74,0.2972972972972973,0.4189189189189189,0.02702702702702703,0.12162162162162163,begich,Geist ,05-586,586 ,-0.1216216216216216
05-587 Lakeview ,49,88,4,3,5,149,0.5906040268456376,0.3288590604026846,0.020134228187919462,0.026845637583892617,dunleavy,Lakeview ,05-587,587 ,0.26174496644295303
05-588 Pike ,43,55,4,7,8,117,0.4700854700854701,0.36752136752136755,0.05982905982905983,0.03418803418803419,dunleavy,Pike ,05-588,588 ,0.10256410256410253
05-590 Richardson ,80,34,7,2,3,126,0.2698412698412698,0.6349206349206349,0.015873015873015872,0.05555555555555555,begich,Richardson ,05-590,590 ,-0.36507936507936506
05-592 Shanly ,54,73,9,1,3,140,0.5214285714285715,0.38571428571428573,0.007142857142857143,0.06428571428571428,dunleavy,Shanly ,05-592,592 ,0.13571428571428573
05-594 University Campus ,75,81,7,4,1,168,0.48214285714285715,0.44642857142857145,0.023809523809523808,0.041666666666666664,dunleavy,University Campus ,05-594,594 ,0.0357142857142857
05-596 University West ,53,80,6,7,10,156,0.5128205128205128,0.33974358974358976,0.04487179487179487,0.038461538461538464,dunleavy,University West ,05-596,596 ,0.17307692307692302
06-005 Anderson ,98,80,4,10,7,199,0.4020100502512563,0.49246231155778897,0.05025125628140704,0.020100502512562814,begich,Anderson ,06-005,005 ,-0.09045226130653267
06-007 Arctic Village ,35,65,9,4,6,119,0.5462184873949579,0.29411764705882354,0.03361344537815126,0.07563025210084033,dunleavy,Arctic Village ,06-007,007 ,0.2521008403361344
06-010 Beaver ,60,36,10,2,3,111,0.32432432432432434,0.5405405405405406,0.018018018018018018,0.09009009009009009,begich,Beaver ,06-010,010 ,-0.21621621621621623
06-012 Cantwell ,91,87,3,7,2,190,0.45789473684210524,0.4789473684210526,0.03684210526315789,0.015789473684210527,begich,Cantwell ,06-012,012 ,-0.02105263157894738
06-015 Central ,63,84,5,5,4,161,0.5217391304347826,0.391304347826087,0.031055900621118012,0.031055900621118012,dunleavy,Central ,06-015,015 ,0.13043478260869562
06-020 Chistochina ,29,90,9,4,8,140,0.6428571428571429,0.20714285714285716,0.02857142857142857,0.06428571428571428,dunleavy,Chistochina ,06-020,020 ,0.4357142857142857
06-023 Circle ,21,36,8,2,3,70,0.5142857142857142,0.3,0.02857142857142857,0.11428571428571428,dunleavy,Circle ,06-023,023 ,0.21428571428571425
06-024 Clear ,69,44,5,9,5,132,0.3333333333333333,0.5227272727272727,0.06818181818181818,0.03787878787878788,begich,Clear ,06-024,024 ,-0.1893939393939394
06-025 Copper Center ,95,11,4,5,7,122,0.09016393442622951,0.7786885245901639,0.040983606557377046,0.03278688524590164,begich,Copper Center ,06-025,025 ,-0.6885245901639344
06-026 Denali Park ,90,63,5,8,9,175,0.36,0.5142857142857142,0.045714285714285714,0.02857142857142857,begich,Denali Park ,06-026,026 ,-0.15428571428571425
06-027 Dot Lake ,30,39,5,6,2,82,0.47560975609756095,0.36585365853658536,0.07317073170731707,0.06097560975609756,dunleavy,Dot Lake ,06-027,027 ,0.1097560975609756
06-030 Eagle ,98,23,3,3,10,137,0.1678832116788321,0.7153284671532847,0.021897810218978103,0.021897810218978103,begich,Eagle ,06-030,030 ,-0.5474452554744526
06-033 Fort Yukon ,13,71,9,7,3,103,0.6893203883495146,0.1262135922330097,0.06796116504854369,0.08737864077669903,dunleavy,Fort Yukon ,06-033,033 ,0.5631067961165048
06-035 Gakona ,18,73,4,3,2,100,0.73,0.18,0.03,0.04,dunleavy,Gakona ,06-035,035 ,0.55
06-040 Healy ,39,81,7,6,2,135,0.6,0.28888888888888886,0.044444444444444446,0.05185185185185185,dunleavy,Healy ,06-040,040 ,0.3111111111111111
06-047 Kenny Lake ,64,22,4,1,5,96,0.22916666666666666,0.6666666666666666,0.010416666666666666,0.041666666666666664,begich,Kenny Lake ,06-047,047 ,-0.4375
06-050 Manley Hot Springs ,56,12,2,10,3,83,0.14457831325301204,0.6746987951807228,0.12048192771084337,0.024096385542168676,begich,Manley Hot Springs ,06-050,050 ,-0.5301204819277108
06-053 Mentasta ,79,71,6,5,9,170,0.4176470588235294,0.4647058823529412,0.029411764705882353,0.03529411764705882,begich,Mentasta ,06-053,053 ,-0.047058823529411764
06-054 Minto ,76,95,6,3,5,185,0.5135135135135135,0.41081081081081083,0.016216216216216217,0.032432432432432434,dunleavy,Minto ,06-054,054 ,0.10270270270270265
06-056 Nenana ,29,85,3,9,6,132,0.6439393939393939,0.2196969696969697,0.06818181818181818,0.022727272727272728,dunleavy,Nenana ,06-056,056 ,0.4242424242424242
06-060 Northway ,40,23,9,6,9,87,0.26436781609195403,0.45977011494252873,0.06896551724137931,0.10344827586206896,begich,Northway ,06-060,060 ,-0.1954022988505747
06-070 Stevens Village ,13,14,1,5,4,37,0.3783783783783784,0.35135135135135137,0.13513513513513514,0.02702702702702703,dunleavy,Stevens Village ,06-070,070 ,0.02702702702702703
06-075 Tanacross ,81,10,9,3,9,112,0.08928571428571429,0.7232142857142857,0.026785714285714284,0.08035714285714286,begich,Tanacross ,06-075,075 ,-0.6339285714285714
06-080 Tanana ,41,86,2,4,5,138,0.6231884057971014,0.2971014492753623,0.028985507246376812,0.014492753623188406,dunleavy,Tanana ,06-080,080 ,0.32608695652173914
06-085 Tetlin ,89,79,5,8,4,185,0.42702702702702705,0.4810810810810811,0.043243243243243246,0.02702702702702703,begich,Tetlin ,06-085,085 ,-0.05405405405405406
06-090 Tok ,90,81,1,3,4,179,0.45251396648044695,0.5027932960893855,0.01675977653631285,0.00558659217877095,begich,Tok ,06-090,090 ,-0.05027932960893855
06-095 Venetie ,74,56,7,2,2,141,0.3971631205673759,0.524822695035461,0.014184397163120567,0.04964539007092199,begich,Venetie ,06-095,095 ,-0.12765957446808507
06-145 Eielson ,39,58,1,9,4,111,0.5225225225225225,0.35135135135135137,0.08108108108108109,0.009009009009009009,dunleavy,Eielson ,06-145,145 ,0.17117117117117114
06-150 Fox ,13,61,4,3,4,85,0.7176470588235294,0.15294117647058825,0.03529411764705882,0.047058823529411764,dunleavy,Fox ,06-150,150 ,0.5647058823529412
06-155 Moose Creek ,83,76,2,4,6,171,0.4444444444444444,0.4853801169590643,0.023391812865497075,0.011695906432748537,begich,Moose Creek ,06-155,155 ,-0.04093567251461988
06-160 Salcha ,39,95,6,2,5,147,0.6462585034013606,0.2653061224489796,0.013605442176870748,0.04081632653061224,dunleavy,Salcha ,06-160,160 ,0.380952380952381
06-170 Steele Creek ,76,95,1,5,2,179,0.5307262569832403,0.4245810055865922,0.027932960893854747,0.00558659217877095,dunleavy,Steele Creek ,06-170,170 ,0.1061452513966481
06-180 Two Rivers ,71,51,1,8,9,140,0.36428571428571427,0.5071428571428571,0.05714285714285714,0.007142857142857143,begich,Two Rivers ,06-180,180 ,-0.14285714285714285
07-100 Lakes No. 1 ,43,80,7,3,2,135,0.5925925925925926,0.31851851851851853,0.022222222222222223,0.05185185185185185,dunleavy,Lakes No. 1 ,07-100,100 ,0.274074074074074
07-105 Pioneer Peak ,80,27,6,7,2,122,0.22131147540983606,0.6557377049180327,0.05737704918032787,0.04918032786885246,begich,Pioneer Peak ,07-105,105 ,-0.43442622950819665
07-110 Schrock ,96,39,6,3,7,151,0.2582781456953642,0.6357615894039735,0.019867549668874173,0.039735099337748346,begich,Schrock ,07-110,110 ,-0.3774834437086093
07-115 Wasilla Lake ,17,16,9,9,9,60,0.26666666666666666,0.2833333333333333,0.15,0.15,begich,Wasilla Lake ,07-115,115 ,-0.016666666666666663
07-120 Wasilla No. 1 ,47,17,9,9,4,86,0.19767441860465115,0.5465116279069767,0.10465116279069768,0.10465116279069768,begich,Wasilla No. 1 ,07-120,120 ,-0.34883720930232553
07-125 Wasilla No. 2 ,84,45,10,3,9,151,0.2980132450331126,0.5562913907284768,0.019867549668874173,0.06622516556291391,begich,Wasilla No. 2 ,07-125,125 ,-0.25827814569536417
07-130 Foothills ,91,64,2,4,5,166,0.3855421686746988,0.5481927710843374,0.024096385542168676,0.012048192771084338,begich,Foothills ,07-130,130 ,-0.16265060240963858
08-130 Meadow Lakes No. 1 ,58,43,4,4,6,115,0.3739130434782609,0.5043478260869565,0.034782608695652174,0.034782608695652174,begich,Meadow Lakes No. 1 ,08-130,130 ,-0.13043478260869562
08-135 Meadow Lakes No. 2 ,67,52,6,5,1,131,0.3969465648854962,0.5114503816793893,0.03816793893129771,0.04580152671755725,begich,Meadow Lakes No. 2 ,08-135,135 ,-0.1145038167938931
08-140 Knik Goose Bay No. 1 ,86,15,1,9,8,119,0.12605042016806722,0.7226890756302521,0.07563025210084033,0.008403361344537815,begich,Knik Goose Bay No. 1 ,08-140,140 ,-0.5966386554621849
08-145 Knik Goose Bay No. 2 ,73,14,9,6,5,107,0.1308411214953271,0.6822429906542056,0.056074766355140186,0.08411214953271028,begich,Knik Goose Bay No. 2 ,08-145,145 ,-0.5514018691588785
08-150 Knik Goose Bay No. 3 ,76,17,9,4,7,113,0.1504424778761062,0.672566371681416,0.035398230088495575,0.07964601769911504,begich,Knik Goose Bay No. 3 ,08-150,150 ,-0.5221238938053098
08-155 Big Lake ,94,28,1,3,10,136,0.20588235294117646,0.6911764705882353,0.022058823529411766,0.007352941176470588,begich,Big Lake ,08-155,155 ,-0.4852941176470588
09-600 Big Delta ,64,58,7,8,3,140,0.4142857142857143,0.45714285714285713,0.05714285714285714,0.05,begich,Big Delta ,09-600,600 ,-0.042857142857142816
09-608 Delta Junction ,74,98,2,7,1,182,0.5384615384615384,0.4065934065934066,0.038461538461538464,0.01098901098901099,dunleavy,Delta Junction ,09-608,608 ,0.13186813186813184
09-622 Farm Loop ,42,57,10,6,9,124,0.4596774193548387,0.3387096774193548,0.04838709677419355,0.08064516129032258,dunleavy,Farm Loop ,09-622,622 ,0.12096774193548387
09-628 Fishhook ,25,67,8,4,2,106,0.6320754716981132,0.2358490566037736,0.03773584905660377,0.07547169811320754,dunleavy,Fishhook ,09-628,628 ,0.3962264150943396
09-632 Glennallen ,13,74,2,6,3,98,0.7551020408163265,0.1326530612244898,0.061224489795918366,0.02040816326530612,dunleavy,Glennallen ,09-632,632 ,0.6224489795918366
09-640 Sheep Mountain ,53,32,4,7,5,101,0.31683168316831684,0.5247524752475248,0.06930693069306931,0.039603960396039604,begich,Sheep Mountain ,09-640,640 ,-0.20792079207920794
09-645 Sutton ,91,47,7,3,10,158,0.2974683544303797,0.5759493670886076,0.0189873417721519,0.04430379746835443,begich,Sutton ,09-645,645 ,-0.27848101265822783
09-650 Valdez No. 1 ,69,50,8,5,5,137,0.36496350364963503,0.5036496350364964,0.0364963503649635,0.058394160583941604,begich,Valdez No. 1 ,09-650,650 ,-0.13868613138686137
09-655 Valdez No. 2 ,14,98,8,3,1,124,0.7903225806451613,0.11290322580645161,0.024193548387096774,0.06451612903225806,dunleavy,Valdez No. 2 ,09-655,655 ,0.6774193548387096
09-660 Valdez No. 3 ,24,51,6,6,9,96,0.53125,0.25,0.0625,0.0625,dunleavy,Valdez No. 3 ,09-660,660 ,0.28125
09-665 Whittier ,59,64,4,8,8,143,0.44755244755244755,0.4125874125874126,0.055944055944055944,0.027972027972027972,dunleavy,Whittier ,09-665,665 ,0.03496503496503495
10-005 Kings Lake ,41,56,7,8,9,121,0.4628099173553719,0.33884297520661155,0.06611570247933884,0.05785123966942149,dunleavy,Kings Lake ,10-005,005 ,0.12396694214876036
10-010 Church ,90,32,6,3,2,133,0.24060150375939848,0.6766917293233082,0.022556390977443608,0.045112781954887216,begich,Church ,10-010,010 ,-0.43609022556390975
10-015 Tanaina ,54,69,9,2,3,137,0.5036496350364964,0.39416058394160586,0.014598540145985401,0.06569343065693431,dunleavy,Tanaina ,10-015,015 ,0.10948905109489054
10-020 Houston ,45,47,7,2,1,102,0.46078431372549017,0.4411764705882353,0.0196078431372549,0.06862745098039216,dunleavy,Houston ,10-020,020 ,0.019607843137254888
10-025 Meadow Lakes No. 3 ,40,66,8,3,7,124,0.532258064516129,0.3225806451612903,0.024193548387096774,0.06451612903225806,dunleavy,Meadow Lakes No. 3 ,10-025,025 ,0.2096774193548387
10-030 Susitna ,69,46,2,1,1,119,0.3865546218487395,0.5798319327731093,0.008403361344537815,0.01680672268907563,begich,Susitna ,10-030,030 ,-0.19327731092436978
10-035 Talkeetna ,93,64,6,8,4,175,0.3657142857142857,0.5314285714285715,0.045714285714285714,0.03428571428571429,begich,Talkeetna ,10-035,035 ,-0.16571428571428576
10-040 Trapper Creek ,47,41,7,6,9,110,0.37272727272727274,0.42727272727272725,0.05454545454545454,0.06363636363636363,begich,Trapper Creek ,10-040,040 ,-0.05454545454545451
10-045 Willow ,81,36,4,3,9,133,0.2706766917293233,0.6090225563909775,0.022556390977443608,0.03007518796992481,begich,Willow ,10-045,045 ,-0.33834586466165417
10-050 Meadow Lakes No. 4 ,100,75,8,6,4,193,0.38860103626943004,0.5181347150259067,0.031088082901554404,0.04145077720207254,begich,Meadow Lakes No. 4 ,10-050,050 ,-0.12953367875647664
10-055 Lakes No. 2 ,93,91,4,5,8,201,0.4527363184079602,0.4626865671641791,0.024875621890547265,0.01990049751243781,begich,Lakes No. 2 ,10-055,055 ,-0.009950248756218916
11-055 Walby ,56,59,8,3,10,136,0.4338235294117647,0.4117647058823529,0.022058823529411766,0.058823529411764705,dunleavy,Walby ,11-055,055 ,0.022058823529411797
11-060 Greater Palmer ,79,75,6,4,3,167,0.4491017964071856,0.47305389221556887,0.023952095808383235,0.03592814371257485,begich,Greater Palmer ,11-060,060 ,-0.023952095808383256
11-065 Mat-Su Campus ,77,85,7,3,7,179,0.4748603351955307,0.4301675977653631,0.01675977653631285,0.03910614525139665,dunleavy,Mat-Su Campus ,11-065,065 ,0.044692737430167606
11-070 Palmer City No. 1 ,11,28,5,8,2,54,0.5185185185185185,0.2037037037037037,0.14814814814814814,0.09259259259259259,dunleavy,Palmer City No. 1 ,11-070,070 ,0.31481481481481477
11-075 Palmer City No. 2 ,55,76,4,9,6,150,0.5066666666666667,0.36666666666666664,0.06,0.02666666666666667,dunleavy,Palmer City No. 2 ,11-075,075 ,0.14000000000000007
11-085 Trunk ,21,71,7,9,3,111,0.6396396396396397,0.1891891891891892,0.08108108108108109,0.06306306306306306,dunleavy,Trunk ,11-085,085 ,0.45045045045045046
11-090 Seward Meridian ,53,72,1,4,9,139,0.5179856115107914,0.381294964028777,0.02877697841726619,0.007194244604316547,dunleavy,Seward Meridian ,11-090,090 ,0.13669064748201437
11-095 Springer Loop ,38,21,6,4,2,71,0.29577464788732394,0.5352112676056338,0.056338028169014086,0.08450704225352113,begich,Springer Loop ,11-095,095 ,-0.23943661971830982
11-099 Lazy Mountain ,91,66,2,5,4,168,0.39285714285714285,0.5416666666666666,0.02976190476190476,0.011904761904761904,begich,Lazy Mountain ,11-099,099 ,-0.14880952380952378
12-200 Fairview No. 1 ,21,67,7,9,8,112,0.5982142857142857,0.1875,0.08035714285714286,0.0625,dunleavy,Fairview No. 1 ,12-200,200 ,0.4107142857142857
12-205 Fairview No. 2 ,81,54,4,5,2,146,0.3698630136986301,0.5547945205479452,0.03424657534246575,0.0273972602739726,begich,Fairview No. 2 ,12-205,205 ,-0.18493150684931509
12-210 Snowshoe ,37,59,8,7,2,113,0.5221238938053098,0.3274336283185841,0.061946902654867256,0.07079646017699115,dunleavy,Snowshoe ,12-210,210 ,0.1946902654867257
12-220 Butte ,67,59,8,6,8,148,0.39864864864864863,0.4527027027027027,0.04054054054054054,0.05405405405405406,begich,Butte ,12-220,220 ,-0.05405405405405406
12-225 Eklutna ,47,51,8,7,5,118,0.4322033898305085,0.3983050847457627,0.059322033898305086,0.06779661016949153,dunleavy,Eklutna ,12-225,225 ,0.03389830508474578
12-230 Peters Creek No. 1 ,46,45,9,6,9,115,0.391304347826087,0.4,0.05217391304347826,0.0782608695652174,begich,Peters Creek No. 1 ,12-230,230 ,-0.008695652173913049
12-233 Peters Creek No. 2 ,53,63,1,1,3,121,0.5206611570247934,0.4380165289256198,0.008264462809917356,0.008264462809917356,dunleavy,Peters Creek No. 2 ,12-233,233 ,0.08264462809917361
13-235 Chugiak ,32,71,2,1,2,108,0.6574074074074074,0.2962962962962963,0.009259259259259259,0.018518518518518517,dunleavy,Chugiak ,13-235,235 ,0.36111111111111116
13-240 Fire Lake ,43,100,7,3,9,162,0.6172839506172839,0.2654320987654321,0.018518518518518517,0.043209876543209874,dunleavy,Fire Lake ,13-240,240 ,0.3518518518518518
13-245 JBER No. 1 ,64,100,8,6,2,180,0.5555555555555556,0.35555555555555557,0.03333333333333333,0.044444444444444446,dunleavy,JBER No. 1 ,13-245,245 ,0.2
13-250 Downtown Eagle River No. 1 ,13,77,9,4,4,107,0.719626168224299,0.12149532710280374,0.037383177570093455,0.08411214953271028,dunleavy,Downtown Eagle River No. 1 ,13-250,250 ,0.5981308411214953
13-255 Chugach Park No. 1 ,93,48,4,10,6,161,0.2981366459627329,0.577639751552795,0.062111801242236024,0.024844720496894408,begich,Chugach Park No. 1 ,13-255,255 ,-0.2795031055900621
13-260 Centennial Park ,77,30,6,6,2,121,0.24793388429752067,0.6363636363636364,0.049586776859504134,0.049586776859504134,begich,Centennial Park ,13-260,260 ,-0.3884297520661157
14-940 Downtown Eagle River No. 2 ,84,32,5,6,6,133,0.24060150375939848,0.631578947368421,0.045112781954887216,0.03759398496240601,begich,Downtown Eagle River No. 2 ,14-940,940 ,-0.39097744360902253
14-945 Meadow Creek No. 1 ,67,59,4,8,8,146,0.4041095890410959,0.4589041095890411,0.0547945205479452,0.0273972602739726,begich,Meadow Creek No. 1 ,14-945,945 ,-0.0547945205479452
14-950 Meadow Creek No. 2 ,67,46,3,5,4,125,0.368,0.536,0.04,0.024,begich,Meadow Creek No. 2 ,14-950,950 ,-0.16800000000000004
14-955 Eagle River No. 1 ,70,18,6,2,2,98,0.1836734693877551,0.7142857142857143,0.02040816326530612,0.061224489795918366,begich,Eagle River No. 1 ,14-955,955 ,-0.5306122448979592
14-960 Eagle River No. 2 ,64,98,5,8,10,185,0.5297297297297298,0.34594594594594597,0.043243243243243246,0.02702702702702703,dunleavy,Eagle River No. 2 ,14-960,960 ,0.1837837837837838
14-965 Chugach Park No. 2 ,40,30,6,2,4,82,0.36585365853658536,0.4878048780487805,0.024390243902439025,0.07317073170731707,begich,Chugach Park No. 2 ,14-965,965 ,-0.12195121951219512
14-970 Hiland ,27,78,1,2,7,115,0.6782608695652174,0.23478260869565218,0.017391304347826087,0.008695652173913044,dunleavy,Hiland ,14-970,970 ,0.4434782608695652
15-300 JBER No. 2 ,62,68,3,2,7,142,0.4788732394366197,0.43661971830985913,0.014084507042253521,0.02112676056338028,dunleavy,JBER No. 2 ,15-300,300 ,0.04225352112676056
15-305 Creekside Park ,60,52,4,4,2,122,0.4262295081967213,0.4918032786885246,0.03278688524590164,0.03278688524590164,begich,Creekside Park ,15-305,305 ,-0.0655737704918033
15-310 Muldoon No. 1 ,96,99,3,4,8,210,0.4714285714285714,0.45714285714285713,0.01904761904761905,0.014285714285714285,dunleavy,Muldoon No. 1 ,15-310,310 ,0.01428571428571429
15-315 Muldoon No. 2 ,41,71,5,8,1,126,0.5634920634920635,0.3253968253968254,0.06349206349206349,0.03968253968253968,dunleavy,Muldoon No. 2 ,15-315,315 ,0.23809523809523808
15-320 North Muldoon ,15,30,6,7,3,61,0.4918032786885246,0.2459016393442623,0.11475409836065574,0.09836065573770492,dunleavy,North Muldoon ,15-320,320 ,0.2459016393442623
16-325 Russian Jack ,78,84,7,9,5,183,0.45901639344262296,0.4262295081967213,0.04918032786885246,0.03825136612021858,dunleavy,Russian Jack ,16-325,325 ,0.032786885245901676
16-330 Nunaka Valley ,94,51,4,3,3,155,0.32903225806451614,0.6064516129032258,0.01935483870967742,0.025806451612903226,begich,Nunaka Valley ,16-330,330 ,-0.27741935483870966
16-335 Northeast Anchorage ,75,22,9,3,3,112,0.19642857142857142,0.6696428571428571,0.026785714285714284,0.08035714285714286,begich,Northeast Anchorage ,16-335,335 ,-0.4732142857142857
16-340 College Gate ,61,60,1,6,7,135,0.4444444444444444,0.45185185185185184,0.044444444444444446,0.007407407407407408,begich,College Gate ,16-340,340 ,-0.007407407407407418
16-345 Chester Valley ,10,35,6,7,8,66,0.5303030303030303,0.15151515151515152,0.10606060606060606,0.09090909090909091,dunleavy,Chester Valley ,16-345,345 ,0.3787878787878788
16-350 Reflection Lake ,43,69,6,10,8,136,0.5073529411764706,0.3161764705882353,0.07352941176470588,0.04411764705882353,dunleavy,Reflection Lake ,16-350,350 ,0.19117647058823528
16-355 Wonder Park ,48,26,6,9,3,92,0.2826086956521739,0.5217391304347826,0.09782608695652174,0.06521739130434782,begich,Wonder Park ,16-355,355 ,-0.2391304347826087
17-400 Rogers Park ,38,72,9,7,6,132,0.5454545454545454,0.2878787878787879,0.05303030303030303,0.06818181818181818,dunleavy,Rogers Park ,17-400,400 ,0.2575757575757575
17-405 University No. 1 ,59,82,4,7,6,158,0.5189873417721519,0.37341772151898733,0.04430379746835443,0.02531645569620253,dunleavy,University No. 1 ,17-405,405 ,0.14556962025316456
17-410 University No. 2 ,40,97,7,7,1,152,0.6381578947368421,0.2631578947368421,0.046052631578947366,0.046052631578947366,dunleavy,University No. 2 ,17-410,410 ,0.37500000000000006
17-415 Far North Bicentennial ,36,95,8,4,4,147,0.6462585034013606,0.24489795918367346,0.027210884353741496,0.05442176870748299,dunleavy,Far North Bicentennial ,17-415,415 ,0.40136054421768713
17-420 Tudor No. 1 ,70,11,4,3,10,98,0.11224489795918367,0.7142857142857143,0.030612244897959183,0.04081632653061224,begich,Tudor No. 1 ,17-420,420 ,-0.6020408163265306
17-425 Tudor No. 2 ,78,74,6,6,6,170,0.43529411764705883,0.4588235294117647,0.03529411764705882,0.03529411764705882,begich,Tudor No. 2 ,17-425,425 ,-0.023529411764705854
17-430 East Anchorage ,17,23,4,9,6,59,0.3898305084745763,0.288135593220339,0.15254237288135594,0.06779661016949153,dunleavy,East Anchorage ,17-430,430 ,0.1016949152542373
18-435 West Anchorage No. 1 ,85,58,2,8,9,162,0.35802469135802467,0.5246913580246914,0.04938271604938271,0.012345679012345678,begich,West Anchorage No. 1 ,18-435,435 ,-0.16666666666666669
18-440 West Anchorage No. 2 ,84,46,4,7,10,151,0.304635761589404,0.5562913907284768,0.046357615894039736,0.026490066225165563,begich,West Anchorage No. 2 ,18-440,440 ,-0.2516556291390728
18-445 Spenard ,67,80,4,6,2,159,0.5031446540880503,0.42138364779874216,0.03773584905660377,0.025157232704402517,dunleavy,Spenard ,18-445,445 ,0.08176100628930816
18-450 Willow Crest ,66,55,3,6,6,136,0.40441176470588236,0.4852941176470588,0.04411764705882353,0.022058823529411766,begich,Willow Crest ,18-450,450 ,-0.08088235294117646
18-455 West Anchorage No. 3 ,32,78,4,8,3,125,0.624,0.256,0.064,0.032,dunleavy,West Anchorage No. 3 ,18-455,455 ,0.368
18-460 Fireweed No. 1 ,14,32,8,4,9,67,0.47761194029850745,0.208955223880597,0.05970149253731343,0.11940298507462686,dunleavy,Fireweed No. 1 ,18-460,460 ,0.26865671641791045
18-465 Fireweed No. 2 ,55,94,4,3,5,161,0.5838509316770186,0.3416149068322981,0.018633540372670808,0.024844720496894408,dunleavy,Fireweed No. 2 ,18-465,465 ,0.2422360248447205
18-470 Fireweed No. 3 ,49,97,7,7,3,163,0.5950920245398773,0.3006134969325153,0.04294478527607362,0.04294478527607362,dunleavy,Fireweed No. 3 ,18-470,470 ,0.294478527607362
18-475 Midtown No. 1 ,34,74,2,6,7,123,0.6016260162601627,0.2764227642276423,0.04878048780487805,0.016260162601626018,dunleavy,Midtown No. 1 ,18-475,475 ,0.3252032520325204
18-480 Midtown No. 2 ,34,76,4,10,6,130,0.5846153846153846,0.26153846153846155,0.07692307692307693,0.03076923076923077,dunleavy,Midtown No. 2 ,18-480,480 ,0.3230769230769231
19-500 North Mt View No. 1 ,22,37,2,9,5,75,0.49333333333333335,0.29333333333333333,0.12,0.02666666666666667,dunleavy,North Mt View No. 1 ,19-500,500 ,0.2
19-505 North Mt View No. 2 ,60,52,1,8,6,127,0.4094488188976378,0.47244094488188976,0.06299212598425197,0.007874015748031496,begich,North Mt View No. 2 ,19-505,505 ,-0.06299212598425197
19-510 South Mt View No. 1 ,69,93,4,9,2,177,0.5254237288135594,0.3898305084745763,0.05084745762711865,0.022598870056497175,dunleavy,South Mt View No. 1 ,19-510,510 ,0.13559322033898308
19-515 South Mt View No. 2 ,64,35,10,3,9,121,0.2892561983471074,0.5289256198347108,0.024793388429752067,0.08264462809917356,begich,South Mt View No. 2 ,19-515,515 ,-0.23966942148760334
19-520 Airport Heights No. 1 ,71,15,8,9,7,110,0.13636363636363635,0.6454545454545455,0.08181818181818182,0.07272727272727272,begich,Airport Heights No. 1 ,19-520,520 ,-0.5090909090909091
19-525 Airport Heights No. 2 ,86,27,4,2,4,123,0.21951219512195122,0.6991869918699187,0.016260162601626018,0.032520325203252036,begich,Airport Heights No. 2 ,19-525,525 ,-0.47967479674796754
20-530 Government Hill ,72,11,4,7,2,96,0.11458333333333333,0.75,0.07291666666666667,0.041666666666666664,begich,Government Hill ,20-530,530 ,-0.6354166666666666
20-535 Merrill Field ,85,32,8,6,1,132,0.24242424242424243,0.6439393939393939,0.045454545454545456,0.06060606060606061,begich,Merrill Field ,20-535,535 ,-0.4015151515151515
20-540 Downtown Anch No. 1 ,57,69,8,7,9,150,0.46,0.38,0.04666666666666667,0.05333333333333334,dunleavy,Downtown Anch No. 1 ,20-540,540 ,0.08000000000000002
20-545 Downtown Anch No. 2 ,50,38,10,6,10,114,0.3333333333333333,0.43859649122807015,0.05263157894736842,0.08771929824561403,begich,Downtown Anch No. 2 ,20-545,545 ,-0.10526315789473684
20-550 Downtown Anch No. 3 ,24,76,5,4,5,114,0.6666666666666666,0.21052631578947367,0.03508771929824561,0.043859649122807015,dunleavy,Downtown Anch No. 3 ,20-550,550 ,0.45614035087719296
20-555 Downtown Anch No. 4 ,82,16,9,2,1,110,0.14545454545454545,0.7454545454545455,0.01818181818181818,0.08181818181818182,begich,Downtown Anch No. 4 ,20-555,555 ,-0.6000000000000001
20-560 Inlet View ,76,40,3,5,4,128,0.3125,0.59375,0.0390625,0.0234375,begich,Inlet View ,20-560,560 ,-0.28125
20-565 Westchester ,59,54,3,3,5,124,0.43548387096774194,0.47580645161290325,0.024193548387096774,0.024193548387096774,begich,Westchester ,20-565,565 ,-0.04032258064516131
20-570 Fairview ,14,60,1,8,8,91,0.6593406593406593,0.15384615384615385,0.08791208791208792,0.01098901098901099,dunleavy,Fairview ,20-570,570 ,0.5054945054945055
21-600 Turnagain No. 1 ,64,12,4,4,9,93,0.12903225806451613,0.6881720430107527,0.043010752688172046,0.043010752688172046,begich,Turnagain No. 1 ,21-600,600 ,-0.5591397849462366
21-605 Sand Lake No. 1 ,13,97,1,2,3,116,0.8362068965517241,0.11206896551724138,0.017241379310344827,0.008620689655172414,dunleavy,Sand Lake No. 1 ,21-605,605 ,0.7241379310344827
21-610 Sand Lake No. 2 ,27,76,7,10,9,129,0.5891472868217055,0.20930232558139536,0.07751937984496124,0.05426356589147287,dunleavy,Sand Lake No. 2 ,21-610,610 ,0.3798449612403101
21-615 Sand Lake No. 3 ,48,54,1,5,10,118,0.4576271186440678,0.4067796610169492,0.0423728813559322,0.00847457627118644,dunleavy,Sand Lake No. 3 ,21-615,615 ,0.05084745762711862
21-620 Lake Spenard ,74,87,7,7,4,179,0.4860335195530726,0.4134078212290503,0.03910614525139665,0.03910614525139665,dunleavy,Lake Spenard ,21-620,620 ,0.07262569832402233
21-625 Lake Hood ,40,77,9,7,1,134,0.5746268656716418,0.29850746268656714,0.05223880597014925,0.06716417910447761,dunleavy,Lake Hood ,21-625,625 ,0.27611940298507465
21-630 Turnagain No. 2 ,98,69,2,7,2,178,0.38764044943820225,0.550561797752809,0.03932584269662921,0.011235955056179775,begich,Turnagain No. 2 ,21-630,630 ,-0.16292134831460675
21-635 Turnagain No. 3 ,93,49,5,7,3,157,0.31210191082802546,0.5923566878980892,0.044585987261146494,0.03184713375796178,begich,Turnagain No. 3 ,21-635,635 ,-0.2802547770700637
22-640 Dimond No. 1 ,59,99,7,5,4,174,0.5689655172413793,0.3390804597701149,0.028735632183908046,0.040229885057471264,dunleavy,Dimond No. 1 ,22-640,640 ,0.22988505747126442
22-645 Kincaid ,73,88,6,3,2,172,0.5116279069767442,0.42441860465116277,0.01744186046511628,0.03488372093023256,dunleavy,Kincaid ,22-645,645 ,0.08720930232558144
22-650 Jewel Lake No. 1 ,58,70,2,10,1,141,0.49645390070921985,0.41134751773049644,0.07092198581560284,0.014184397163120567,dunleavy,Jewel Lake No. 1 ,22-650,650 ,0.08510638297872342
22-655 Jewel Lake No. 2 ,84,11,3,3,2,103,0.10679611650485436,0.8155339805825242,0.02912621359223301,0.02912621359223301,begich,Jewel Lake No. 2 ,22-655,655 ,-0.7087378640776699
22-660 Campbell Lake ,17,37,7,4,8,73,0.5068493150684932,0.2328767123287671,0.0547945205479452,0.0958904109589041,dunleavy,Campbell Lake ,22-660,660 ,0.27397260273972607
22-665 Sand Lake No. 4 ,97,89,8,7,5,206,0.4320388349514563,0.470873786407767,0.03398058252427184,0.038834951456310676,begich,Sand Lake No. 4 ,22-665,665 ,-0.03883495145631072
22-670 Sand Lake No. 5 ,13,36,5,6,5,65,0.5538461538461539,0.2,0.09230769230769231,0.07692307692307693,dunleavy,Sand Lake No. 5 ,22-670,670 ,0.35384615384615387
23-735 Northwood ,29,44,5,8,3,89,0.4943820224719101,0.3258426966292135,0.0898876404494382,0.056179775280898875,dunleavy,Northwood ,23-735,735 ,0.1685393258426966
23-740 Arctic ,59,84,4,9,7,163,0.5153374233128835,0.3619631901840491,0.05521472392638037,0.024539877300613498,dunleavy,Arctic ,23-740,740 ,0.15337423312883436
23-745 Midtown No. 3 ,19,78,9,8,7,121,0.6446280991735537,0.15702479338842976,0.06611570247933884,0.0743801652892562,dunleavy,Midtown No. 3 ,23-745,745 ,0.4876033057851239
23-750 Taku ,96,44,9,6,4,159,0.27672955974842767,0.6037735849056604,0.03773584905660377,0.05660377358490566,begich,Taku ,23-750,750 ,-0.3270440251572327
23-755 Campbell Creek No. 1 ,35,85,8,4,8,140,0.6071428571428571,0.25,0.02857142857142857,0.05714285714285714,dunleavy,Campbell Creek No. 1 ,23-755,755 ,0.3571428571428571
23-760 Campbell Creek No. 2 ,46,28,1,1,3,79,0.35443037974683544,0.5822784810126582,0.012658227848101266,0.012658227848101266,begich,Campbell Creek No. 2 ,23-760,760 ,-0.22784810126582278
23-765 Campbell Creek No. 3 ,28,30,4,1,3,66,0.45454545454545453,0.42424242424242425,0.015151515151515152,0.06060606060606061,dunleavy,Campbell Creek No. 3 ,23-765,765 ,0.030303030303030276
23-770 Dimond No. 2 ,39,99,7,6,9,160,0.61875,0.24375,0.0375,0.04375,dunleavy,Dimond No. 2 ,23-770,770 ,0.375
24-700 Huffman No. 1 ,28,18,1,6,4,57,0.3157894736842105,0.49122807017543857,0.10526315789473684,0.017543859649122806,begich,Huffman No. 1 ,24-700,700 ,-0.17543859649122806
24-705 Huffman No. 2 ,13,41,9,4,7,74,0.5540540540540541,0.17567567567567569,0.05405405405405406,0.12162162162162163,dunleavy,Huffman No. 2 ,24-705,705 ,0.3783783783783784
24-710 Klatt ,48,55,2,1,5,111,0.4954954954954955,0.43243243243243246,0.009009009009009009,0.018018018018018018,dunleavy,Klatt ,24-710,710 ,0.06306306306306303
24-715 Southport ,91,72,7,9,10,189,0.38095238095238093,0.48148148148148145,0.047619047619047616,0.037037037037037035,begich,Southport ,24-715,715 ,-0.10052910052910052
24-720 Ocean View No. 1 ,66,24,7,7,5,109,0.22018348623853212,0.6055045871559633,0.06422018348623854,0.06422018348623854,begich,Ocean View No. 1 ,24-720,720 ,-0.3853211009174312
24-725 Ocean View No. 2 ,43,37,1,8,9,98,0.37755102040816324,0.4387755102040816,0.08163265306122448,0.01020408163265306,begich,Ocean View No. 2 ,24-725,725 ,-0.06122448979591838
24-730 Bayshore ,65,29,3,1,5,103,0.2815533980582524,0.6310679611650486,0.009708737864077669,0.02912621359223301,begich,Bayshore ,24-730,730 ,-0.3495145631067962
25-840 East Dowling No. 1 ,28,38,6,10,3,85,0.4470588235294118,0.32941176470588235,0.11764705882352941,0.07058823529411765,dunleavy,East Dowling No. 1 ,25-840,840 ,0.11764705882352944
25-845 Elmore No. 1 ,45,44,9,5,2,105,0.41904761904761906,0.42857142857142855,0.047619047619047616,0.08571428571428572,begich,Elmore No. 1 ,25-845,845 ,-0.00952380952380949
25-850 Abbott No. 1 ,68,87,9,4,4,172,0.5058139534883721,0.3953488372093023,0.023255813953488372,0.05232558139534884,dunleavy,Abbott No. 1 ,25-850,850 ,0.1104651162790698
25-855 Lore No. 1 ,79,20,7,9,9,124,0.16129032258064516,0.6370967741935484,0.07258064516129033,0.056451612903225805,begich,Lore No. 1 ,25-855,855 ,-0.47580645161290325
25-860 Lore No. 2 ,46,49,5,4,8,112,0.4375,0.4107142857142857,0.03571428571428571,0.044642857142857144,dunleavy,Lore No. 2 ,25-860,860 ,0.0267857142857143
25-865 Abbott No. 2 ,10,32,3,9,6,60,0.5333333333333333,0.16666666666666666,0.15,0.05,dunleavy,Abbott No. 2 ,25-865,865 ,0.3666666666666667
25-870 East Dowling No. 2 ,68,71,1,5,5,150,0.47333333333333333,0.4533333333333333,0.03333333333333333,0.006666666666666667,dunleavy,East Dowling No. 2 ,25-870,870 ,0.020000000000000018
26-800 Independence Park No. 1 ,49,67,8,8,9,141,0.475177304964539,0.3475177304964539,0.05673758865248227,0.05673758865248227,dunleavy,Independence Park No. 1 ,26-800,800 ,0.12765957446808512
26-805 O'Malley No. 1 ,16,84,6,5,8,119,0.7058823529411765,0.13445378151260504,0.04201680672268908,0.05042016806722689,dunleavy,O'Malley No. 1 ,26-805,805 ,0.5714285714285715
26-810 Huffman No. 3 ,35,79,2,9,8,133,0.5939849624060151,0.2631578947368421,0.06766917293233082,0.015037593984962405,dunleavy,Huffman No. 3 ,26-810,810 ,0.33082706766917297
26-815 Huffman No. 4 ,39,13,8,7,7,74,0.17567567567567569,0.527027027027027,0.0945945945945946,0.10810810810810811,begich,Huffman No. 4 ,26-815,815 ,-0.3513513513513513
26-820 O'Malley No. 2 ,52,24,9,7,10,102,0.23529411764705882,0.5098039215686274,0.06862745098039216,0.08823529411764706,begich,O'Malley No. 2 ,26-820,820 ,-0.2745098039215686
26-825 Independence Park No. 2 ,82,43,2,8,6,141,0.3049645390070922,0.5815602836879432,0.05673758865248227,0.014184397163120567,begich,Independence Park No. 2 ,26-825,825 ,-0.276595744680851
26-830 Elmore No. 2 ,15,65,8,5,4,97,0.6701030927835051,0.15463917525773196,0.05154639175257732,0.08247422680412371,dunleavy,Elmore No. 2 ,26-830,830 ,0.5154639175257731
26-835 O'Malley No. 3 ,85,22,4,2,3,116,0.1896551724137931,0.7327586206896551,0.017241379310344827,0.034482758620689655,begich,O'Malley No. 3 ,26-835,835 ,-0.5431034482758621
27-900 Cheney Lake ,60,56,4,4,4,128,0.4375,0.46875,0.03125,0.03125,begich,Cheney Lake ,27-900,900 ,-0.03125
27-905 Muldoon No. 3 ,23,56,3,2,9,93,0.6021505376344086,0.24731182795698925,0.021505376344086023,0.03225806451612903,dunleavy,Muldoon No. 3 ,27-905,905 ,0.3548387096774194
27-910 Muldoon No. 4 ,79,52,2,8,4,145,0.3586206896551724,0.5448275862068965,0.05517241379310345,0.013793103448275862,begich,Muldoon No. 4 ,27-910,910 ,-0.18620689655172412
27-915 Chugach Ft. Hills No. 1 ,85,93,6,4,9,197,0.4720812182741117,0.43147208121827413,0.02030456852791878,0.030456852791878174,dunleavy,Chugach Ft. Hills No. 1 ,27-915,915 ,0.040609137055837574
27-920 Chugach Ft. Hills No. 2 ,19,46,9,3,8,85,0.5411764705882353,0.2235294117647059,0.03529411764705882,0.10588235294117647,dunleavy,Chugach Ft. Hills No. 2 ,27-920,920 ,0.3176470588235294
27-925 Scenic Park ,93,17,2,7,9,128,0.1328125,0.7265625,0.0546875,0.015625,begich,Scenic Park ,27-925,925 ,-0.59375
27-930 Baxter ,19,30,1,4,8,62,0.4838709677419355,0.3064516129032258,0.06451612903225806,0.016129032258064516,dunleavy,Baxter ,27-930,930 ,0.1774193548387097
27-935 Stuckagain Heights ,31,97,10,10,7,155,0.6258064516129033,0.2,0.06451612903225806,0.06451612903225806,dunleavy,Stuckagain Heights ,27-935,935 ,0.42580645161290326
28-105 Rabbit Creek No. 1 ,70,43,2,7,8,130,0.33076923076923076,0.5384615384615384,0.05384615384615385,0.015384615384615385,begich,Rabbit Creek No. 1 ,28-105,105 ,-0.20769230769230768
28-110 Rabbit Creek No. 2 ,14,92,8,7,6,127,0.7244094488188977,0.11023622047244094,0.05511811023622047,0.06299212598425197,dunleavy,Rabbit Creek No. 2 ,28-110,110 ,0.6141732283464567
28-115 Huffman No. 6 ,94,62,8,5,8,177,0.3502824858757062,0.5310734463276836,0.02824858757062147,0.04519774011299435,begich,Huffman No. 6 ,28-115,115 ,-0.1807909604519774
28-120 Huffman No. 7 ,13,64,6,5,9,97,0.6597938144329897,0.13402061855670103,0.05154639175257732,0.061855670103092786,dunleavy,Huffman No. 7 ,28-120,120 ,0.5257731958762887
28-125 Bear Valley ,16,42,8,2,2,70,0.6,0.22857142857142856,0.02857142857142857,0.11428571428571428,dunleavy,Bear Valley ,28-125,125 ,0.37142857142857144
28-130 Indian ,94,73,4,1,8,180,0.40555555555555556,0.5222222222222223,0.005555555555555556,0.022222222222222223,begich,Indian ,28-130,130 ,-0.1166666666666667
28-135 Girdwood ,31,14,1,4,5,55,0.2545454545454545,0.5636363636363636,0.07272727272727272,0.01818181818181818,begich,Girdwood ,28-135,135 ,-0.3090909090909091
28-140 Golden View ,19,41,7,8,4,79,0.5189873417721519,0.24050632911392406,0.10126582278481013,0.08860759493670886,dunleavy,Golden View ,28-140,140 ,0.27848101265822783
28-145 O'Malley No. 4 ,39,64,5,8,6,122,0.5245901639344263,0.319672131147541,0.06557377049180328,0.040983606557377046,dunleavy,O'Malley No. 4 ,28-145,145 ,0.20491803278688525
29-100 Bear Creek ,15,66,6,1,3,91,0.7252747252747253,0.16483516483516483,0.01098901098901099,0.06593406593406594,dunleavy,Bear Creek ,29-100,100 ,0.5604395604395604
29-110 Cooper Landing ,71,42,9,4,3,129,0.32558139534883723,0.5503875968992248,0.031007751937984496,0.06976744186046512,begich,Cooper Landing ,29-110,110 ,-0.22480620155038755
29-115 Funny River No. 1 ,99,77,3,3,8,190,0.4052631578947368,0.5210526315789473,0.015789473684210527,0.015789473684210527,begich,Funny River No. 1 ,29-115,115 ,-0.1157894736842105
29-120 Hope ,97,64,7,2,1,171,0.3742690058479532,0.5672514619883041,0.011695906432748537,0.04093567251461988,begich,Hope ,29-120,120 ,-0.19298245614035092
29-130 Mackey Lake ,74,40,9,5,8,136,0.29411764705882354,0.5441176470588235,0.03676470588235294,0.0661764705882353,begich,Mackey Lake ,29-130,130 ,-0.24999999999999994
29-140 Moose Pass ,94,99,8,4,8,213,0.4647887323943662,0.4413145539906103,0.018779342723004695,0.03755868544600939,dunleavy,Moose Pass ,29-140,140 ,0.023474178403755874
29-150 Nikiski ,99,25,8,7,3,142,0.176056338028169,0.6971830985915493,0.04929577464788732,0.056338028169014086,begich,Nikiski ,29-150,150 ,-0.5211267605633803
29-160 Salamatof ,23,54,8,1,8,94,0.574468085106383,0.24468085106382978,0.010638297872340425,0.0851063829787234,dunleavy,Salamatof ,29-160,160 ,0.3297872340425533
29-170 Seward-Lowell Point ,99,54,4,5,6,168,0.32142857142857145,0.5892857142857143,0.02976190476190476,0.023809523809523808,begich,Seward-Lowell Point ,29-170,170 ,-0.26785714285714285
29-180 Sterling No. 1 ,89,42,7,7,4,149,0.28187919463087246,0.5973154362416108,0.04697986577181208,0.04697986577181208,begich,Sterling No. 1 ,29-180,180 ,-0.3154362416107383
29-190 Sterling No. 2 ,60,99,8,5,8,180,0.55,0.3333333333333333,0.027777777777777776,0.044444444444444446,dunleavy,Sterling No. 2 ,29-190,190 ,0.21666666666666673
30-200 Central ,45,51,1,9,6,112,0.45535714285714285,0.4017857142857143,0.08035714285714286,0.008928571428571428,dunleavy,Central ,30-200,200 ,0.05357142857142855
30-210 K-Beach ,26,65,3,8,8,110,0.5909090909090909,0.23636363636363636,0.07272727272727272,0.02727272727272727,dunleavy,K-Beach ,30-210,210 ,0.3545454545454546
30-220 Kenai No. 1 ,27,77,9,6,3,122,0.6311475409836066,0.22131147540983606,0.04918032786885246,0.07377049180327869,dunleavy,Kenai No. 1 ,30-220,220 ,0.4098360655737705
30-230 Kenai No. 2 ,60,53,7,1,2,123,0.43089430894308944,0.4878048780487805,0.008130081300813009,0.056910569105691054,begich,Kenai No. 2 ,30-230,230 ,-0.05691056910569103
30-240 Kenai No. 3 ,69,74,6,9,6,164,0.45121951219512196,0.42073170731707316,0.054878048780487805,0.036585365853658534,dunleavy,Kenai No. 3 ,30-240,240 ,0.030487804878048808
30-250 Soldotna ,75,54,6,6,4,145,0.3724137931034483,0.5172413793103449,0.041379310344827586,0.041379310344827586,begich,Soldotna ,30-250,250 ,-0.14482758620689656
31-300 Anchor Point ,51,57,7,9,4,128,0.4453125,0.3984375,0.0703125,0.0546875,dunleavy,Anchor Point ,31-300,300 ,0.046875
31-310 Diamond Ridge ,80,30,5,8,8,131,0.22900763358778625,0.6106870229007634,0.061068702290076333,0.03816793893129771,begich,Diamond Ridge ,31-310,310 ,-0.3816793893129771
31-320 Fox River ,76,31,10,5,6,128,0.2421875,0.59375,0.0390625,0.078125,begich,Fox River ,31-320,320 ,-0.3515625
31-340 Funny River No. 2 ,69,43,8,7,5,132,0.32575757575757575,0.5227272727272727,0.05303030303030303,0.06060606060606061,begich,Funny River No. 2 ,31-340,340 ,-0.19696969696969696
31-350 Homer No. 1 ,89,43,1,7,6,146,0.2945205479452055,0.6095890410958904,0.04794520547945205,0.00684931506849315,begich,Homer No. 1 ,31-350,350 ,-0.3150684931506849
31-360 Homer No. 2 ,51,26,9,5,8,99,0.26262626262626265,0.5151515151515151,0.050505050505050504,0.09090909090909091,begich,Homer No. 2 ,31-360,360 ,-0.2525252525252525
31-370 Kachemak/Fritz Creek ,28,29,9,2,7,75,0.38666666666666666,0.37333333333333335,0.02666666666666667,0.12,dunleavy,Kachemak/Fritz Creek ,31-370,370 ,0.013333333333333308
31-380 Kasilof ,25,75,8,3,3,114,0.6578947368421053,0.21929824561403508,0.02631578947368421,0.07017543859649122,dunleavy,Kasilof ,31-380,380 ,0.4385964912280702
31-390 Ninilchik ,22,56,9,2,3,92,0.6086956521739131,0.2391304347826087,0.021739130434782608,0.09782608695652174,dunleavy,Ninilchik ,31-390,390 ,0.3695652173913044
32-800 Chiniak ,40,39,6,9,10,104,0.375,0.38461538461538464,0.08653846153846154,0.057692307692307696,begich,Chiniak ,32-800,800 ,-0.009615384615384637
32-805 Cordova ,86,13,3,8,7,117,0.1111111111111111,0.7350427350427351,0.06837606837606838,0.02564102564102564,begich,Cordova ,32-805,805 ,-0.6239316239316239
32-810 Flats ,25,56,7,8,8,104,0.5384615384615384,0.2403846153846154,0.07692307692307693,0.0673076923076923,dunleavy,Flats ,32-810,810 ,0.298076923076923
32-815 Kodiak Island South ,33,18,6,9,7,73,0.2465753424657534,0.4520547945205479,0.1232876712328767,0.0821917808219178,begich,Kodiak Island South ,32-815,815 ,-0.2054794520547945
32-820 Kodiak No. 1 ,62,64,2,1,2,131,0.48854961832061067,0.4732824427480916,0.007633587786259542,0.015267175572519083,dunleavy,Kodiak No. 1 ,32-820,820 ,0.015267175572519054
32-825 Kodiak No. 2 ,65,61,7,7,8,148,0.41216216216216217,0.4391891891891892,0.0472972972972973,0.0472972972972973,begich,Kodiak No. 2 ,32-825,825 ,-0.02702702702702703
32-830 Mission Road ,75,83,4,10,7,179,0.46368715083798884,0.41899441340782123,0.055865921787709494,0.0223463687150838,dunleavy,Mission Road ,32-830,830 ,0.044692737430167606
32-835 Old Harbor ,96,70,6,5,10,187,0.37433155080213903,0.5133689839572193,0.026737967914438502,0.03208556149732621,begich,Old Harbor ,32-835,835 ,-0.13903743315508027
32-840 Ouzinkie ,42,48,7,10,5,112,0.42857142857142855,0.375,0.08928571428571429,0.0625,dunleavy,Ouzinkie ,32-840,840 ,0.05357142857142855
32-845 Port Lions ,62,45,5,2,5,119,0.37815126050420167,0.5210084033613446,0.01680672268907563,0.04201680672268908,begich,Port Lions ,32-845,845 ,-0.1428571428571429
32-847 Seldovia/Kachemak Bay ,13,19,6,2,6,46,0.41304347826086957,0.2826086956521739,0.043478260869565216,0.13043478260869565,dunleavy,Seldovia/Kachemak Bay ,32-847,847 ,0.13043478260869568
32-850 Tatitlek ,19,76,2,10,4,111,0.6846846846846847,0.17117117117117117,0.09009009009009009,0.018018018018018018,dunleavy,Tatitlek ,32-850,850 ,0.5135135135135135
32-855 Tyonek ,42,27,4,2,2,77,0.35064935064935066,0.5454545454545454,0.025974025974025976,0.05194805194805195,begich,Tyonek ,32-855,855 ,-0.19480519480519476
32-860 Yakutat ,31,63,5,5,9,113,0.5575221238938053,0.2743362831858407,0.04424778761061947,0.04424778761061947,dunleavy,Yakutat ,32-860,860 ,0.2831858407079646
33-500 Douglas ,34,60,3,7,8,112,0.5357142857142857,0.30357142857142855,0.0625,0.026785714285714284,dunleavy,Douglas ,33-500,500 ,0.23214285714285715
33-505 Gustavus ,100,47,2,2,1,152,0.3092105263157895,0.6578947368421053,0.013157894736842105,0.013157894736842105,begich,Gustavus ,33-505,505 ,-0.3486842105263158
33-510 Juneau No. 1 ,25,60,7,2,3,97,0.6185567010309279,0.25773195876288657,0.020618556701030927,0.07216494845360824,dunleavy,Juneau No. 1 ,33-510,510 ,0.3608247422680413
33-515 Juneau No. 2 ,44,21,7,5,8,85,0.24705882352941178,0.5176470588235295,0.058823529411764705,0.08235294117647059,begich,Juneau No. 2 ,33-515,515 ,-0.2705882352941177
33-520 Juneau No. 3 ,93,88,8,3,10,202,0.43564356435643564,0.4603960396039604,0.01485148514851485,0.039603960396039604,begich,Juneau No. 3 ,33-520,520 ,-0.024752475247524774
33-525 Lemon Creek ,72,46,2,8,8,136,0.3382352941176471,0.5294117647058824,0.058823529411764705,0.014705882352941176,begich,Lemon Creek ,33-525,525 ,-0.19117647058823528
33-530 North Douglas ,25,27,6,6,9,73,0.3698630136986301,0.3424657534246575,0.0821917808219178,0.0821917808219178,dunleavy,North Douglas ,33-530,530 ,0.0273972602739726
33-540 Skagway ,54,35,8,2,7,106,0.330188679245283,0.5094339622641509,0.018867924528301886,0.07547169811320754,begich,Skagway ,33-540,540 ,-0.17924528301886794
33-545 Haines No. 1 ,38,21,2,6,5,72,0.2916666666666667,0.5277777777777778,0.08333333333333333,0.027777777777777776,begich,Haines No. 1 ,33-545,545 ,-0.2361111111111111
33-550 Haines No. 2 ,24,19,3,4,5,55,0.34545454545454546,0.43636363636363634,0.07272727272727272,0.05454545454545454,begich,Haines No. 2 ,33-550,550 ,-0.09090909090909088
33-555 Klukwan ,14,91,3,6,9,123,0.7398373983739838,0.11382113821138211,0.04878048780487805,0.024390243902439025,dunleavy,Klukwan ,33-555,555 ,0.6260162601626017
34-400 Auke Bay ,11,17,5,6,8,47,0.3617021276595745,0.23404255319148937,0.1276595744680851,0.10638297872340426,dunleavy,Auke Bay ,34-400,400 ,0.12765957446808512
34-410 Juneau Airport ,30,65,8,7,8,118,0.5508474576271186,0.2542372881355932,0.059322033898305086,0.06779661016949153,dunleavy,Juneau Airport ,34-410,410 ,0.2966101694915254
34-420 Lynn Canal ,97,19,3,5,2,126,0.15079365079365079,0.7698412698412699,0.03968253968253968,0.023809523809523808,begich,Lynn Canal ,34-420,420 ,-0.6190476190476191
34-430 Mendenhall Valley No. 1 ,45,84,5,2,9,145,0.5793103448275863,0.3103448275862069,0.013793103448275862,0.034482758620689655,dunleavy,Mendenhall Valley No. 1 ,34-430,430 ,0.26896551724137935
34-440 Mendenhall Valley No. 2 ,26,77,1,9,3,116,0.6637931034482759,0.22413793103448276,0.07758620689655173,0.008620689655172414,dunleavy,Mendenhall Valley No. 2 ,34-440,440 ,0.43965517241379315
34-450 Mendenhall Valley No. 3 ,86,20,9,3,4,122,0.16393442622950818,0.7049180327868853,0.02459016393442623,0.07377049180327869,begich,Mendenhall Valley No. 3 ,34-450,450 ,-0.5409836065573771
34-460 Mendenhall Valley No. 4 ,14,81,3,4,10,112,0.7232142857142857,0.125,0.03571428571428571,0.026785714285714284,dunleavy,Mendenhall Valley No. 4 ,34-460,460 ,0.5982142857142857
35-700 Angoon ,98,32,9,2,8,149,0.21476510067114093,0.6577181208053692,0.013422818791946308,0.06040268456375839,begich,Angoon ,35-700,700 ,-0.4429530201342282
35-705 Craig ,73,43,5,10,3,134,0.3208955223880597,0.5447761194029851,0.07462686567164178,0.03731343283582089,begich,Craig ,35-705,705 ,-0.2238805970149254
35-720 Hoonah ,65,94,7,4,1,171,0.5497076023391813,0.38011695906432746,0.023391812865497075,0.04093567251461988,dunleavy,Hoonah ,35-720,720 ,0.1695906432748538
35-730 Kake ,63,53,8,6,5,135,0.3925925925925926,0.4666666666666667,0.044444444444444446,0.05925925925925926,begich,Kake ,35-730,730 ,-0.07407407407407407
35-735 Kasaan ,91,34,1,7,9,142,0.23943661971830985,0.6408450704225352,0.04929577464788732,0.007042253521126761,begich,Kasaan ,35-735,735 ,-0.4014084507042254
35-740 Klawock ,43,43,9,3,10,108,0.39814814814814814,0.39814814814814814,0.027777777777777776,0.08333333333333333,dunleavy,Klawock ,35-740,740 ,0
35-745 North Prince of Wales ,70,20,5,7,7,109,0.1834862385321101,0.6422018348623854,0.06422018348623854,0.045871559633027525,begich,North Prince of Wales ,35-745,745 ,-0.45871559633027525
35-750 Pelican-Elfin Cove ,30,24,4,3,4,65,0.36923076923076925,0.46153846153846156,0.046153846153846156,0.06153846153846154,begich,Pelican-Elfin Cove ,35-750,750 ,-0.09230769230769231
35-755 Petersburg-Kupreanof ,91,55,9,9,10,174,0.3160919540229885,0.5229885057471264,0.05172413793103448,0.05172413793103448,begich,Petersburg-Kupreanof ,35-755,755 ,-0.2068965517241379
35-760 Port Alexander ,79,17,6,7,5,114,0.14912280701754385,0.6929824561403509,0.06140350877192982,0.05263157894736842,begich,Port Alexander ,35-760,760 ,-0.543859649122807
35-765 Sitka No. 1 ,86,80,9,8,7,190,0.42105263157894735,0.45263157894736844,0.042105263157894736,0.04736842105263158,begich,Sitka No. 1 ,35-765,765 ,-0.031578947368421095
35-770 Sitka No. 2 ,42,13,7,2,6,70,0.18571428571428572,0.6,0.02857142857142857,0.1,begich,Sitka No. 2 ,35-770,770 ,-0.41428571428571426
35-775 Tenakee Springs ,62,41,2,6,2,113,0.36283185840707965,0.5486725663716814,0.05309734513274336,0.017699115044247787,begich,Tenakee Springs ,35-775,775 ,-0.18584070796460173
35-780 Thorne Bay ,70,22,9,4,3,108,0.2037037037037037,0.6481481481481481,0.037037037037037035,0.08333333333333333,begich,Thorne Bay ,35-780,780 ,-0.4444444444444444
36-600 Ketchikan No. 1 ,52,27,6,10,7,102,0.2647058823529412,0.5098039215686274,0.09803921568627451,0.058823529411764705,begich,Ketchikan No. 1 ,36-600,600 ,-0.24509803921568624
36-610 Ketchikan No. 2 ,61,81,4,2,7,155,0.5225806451612903,0.3935483870967742,0.012903225806451613,0.025806451612903226,dunleavy,Ketchikan No. 2 ,36-610,610 ,0.12903225806451613
36-620 Ketchikan No. 3 ,47,71,2,4,8,132,0.5378787878787878,0.3560606060606061,0.030303030303030304,0.015151515151515152,dunleavy,Ketchikan No. 3 ,36-620,620 ,0.18181818181818177
36-640 North Tongass No. 1 ,19,13,9,8,7,56,0.23214285714285715,0.3392857142857143,0.14285714285714285,0.16071428571428573,begich,North Tongass No. 1 ,36-640,640 ,-0.10714285714285715
36-650 North Tongass No. 2 ,54,59,2,6,2,123,0.4796747967479675,0.43902439024390244,0.04878048780487805,0.016260162601626018,dunleavy,North Tongass No. 2 ,36-650,650 ,0.04065040650406504
36-660 Saxman ,50,68,7,3,10,138,0.4927536231884058,0.36231884057971014,0.021739130434782608,0.050724637681159424,dunleavy,Saxman ,36-660,660 ,0.13043478260869568
36-670 South Tongass ,85,70,3,1,9,168,0.4166666666666667,0.5059523809523809,0.005952380952380952,0.017857142857142856,begich,South Tongass ,36-670,670 ,-0.08928571428571425
36-675 Hydaburg ,39,68,8,6,8,129,0.5271317829457365,0.3023255813953488,0.046511627906976744,0.06201550387596899,dunleavy,Hydaburg ,36-675,675 ,0.22480620155038766
36-680 Metlakatla ,91,60,4,1,5,161,0.37267080745341613,0.5652173913043478,0.006211180124223602,0.024844720496894408,begich,Metlakatla ,36-680,680 ,-0.19254658385093165
36-690 Wrangell ,31,51,4,9,4,99,0.5151515151515151,0.31313131313131315,0.09090909090909091,0.04040404040404041,dunleavy,Wrangell ,36-690,690 ,0.202020202020202
37-300 Anvik ,61,84,6,8,5,164,0.5121951219512195,0.3719512195121951,0.04878048780487805,0.036585365853658534,dunleavy,Anvik ,37-300,300 ,0.1402439024390244
37-302 Grayling ,71,75,5,3,2,156,0.4807692307692308,0.4551282051282051,0.019230769230769232,0.03205128205128205,dunleavy,Grayling ,37-302,302 ,0.02564102564102566
37-304 Holy Cross ,56,40,8,4,9,117,0.3418803418803419,0.47863247863247865,0.03418803418803419,0.06837606837606838,begich,Holy Cross ,37-304,304 ,-0.13675213675213677
37-306 McGrath ,96,91,2,2,8,199,0.457286432160804,0.4824120603015075,0.010050251256281407,0.010050251256281407,begich,McGrath ,37-306,306 ,-0.025125628140703515
37-308 Nikolai ,82,18,8,7,6,121,0.1487603305785124,0.6776859504132231,0.05785123966942149,0.06611570247933884,begich,Nikolai ,37-308,308 ,-0.5289256198347108
37-310 Shageluk ,56,18,5,7,6,92,0.1956521739130435,0.6086956521739131,0.07608695652173914,0.05434782608695652,begich,Shageluk ,37-310,310 ,-0.4130434782608696
37-312 Takotna ,20,77,2,5,3,107,0.719626168224299,0.18691588785046728,0.04672897196261682,0.018691588785046728,dunleavy,Takotna ,37-312,312 ,0.5327102803738317
37-700 Akutan ,70,19,2,9,3,103,0.18446601941747573,0.6796116504854369,0.08737864077669903,0.019417475728155338,begich,Akutan ,37-700,700 ,-0.49514563106796117
37-702 Aleknagik ,14,28,3,4,6,55,0.509090909090909,0.2545454545454545,0.07272727272727272,0.05454545454545454,dunleavy,Aleknagik ,37-702,702 ,0.2545454545454545
37-704 Aleutians No. 1 ,15,45,9,7,2,78,0.5769230769230769,0.19230769230769232,0.08974358974358974,0.11538461538461539,dunleavy,Aleutians No. 1 ,37-704,704 ,0.3846153846153846
37-706 Aleutians No. 2 ,22,69,3,5,6,105,0.6571428571428571,0.20952380952380953,0.047619047619047616,0.02857142857142857,dunleavy,Aleutians No. 2 ,37-706,706 ,0.4476190476190476
37-708 Chignik ,93,68,7,6,4,178,0.38202247191011235,0.5224719101123596,0.033707865168539325,0.03932584269662921,begich,Chignik ,37-708,708 ,-0.14044943820224726
37-710 Clark's Point ,93,23,10,3,7,136,0.16911764705882354,0.6838235294117647,0.022058823529411766,0.07352941176470588,begich,Clark's Point ,37-710,710 ,-0.5147058823529411
37-712 Cold Bay ,11,47,6,9,9,82,0.573170731707317,0.13414634146341464,0.10975609756097561,0.07317073170731707,dunleavy,Cold Bay ,37-712,712 ,0.4390243902439024
37-714 Dillingham ,11,60,7,5,9,92,0.6521739130434783,0.11956521739130435,0.05434782608695652,0.07608695652173914,dunleavy,Dillingham ,37-714,714 ,0.532608695652174
37-716 Egegik ,65,69,3,4,6,147,0.46938775510204084,0.4421768707482993,0.027210884353741496,0.02040816326530612,dunleavy,Egegik ,37-716,716 ,0.027210884353741527
37-718 Ekwok ,48,12,7,7,6,80,0.15,0.6,0.0875,0.0875,begich,Ekwok ,37-718,718 ,-0.44999999999999996
37-720 King Cove ,12,59,9,4,5,89,0.6629213483146067,0.1348314606741573,0.0449438202247191,0.10112359550561797,dunleavy,King Cove ,37-720,720 ,0.5280898876404494
37-722 King Salmon ,13,18,8,8,9,56,0.32142857142857145,0.23214285714285715,0.14285714285714285,0.14285714285714285,dunleavy,King Salmon ,37-722,722 ,0.0892857142857143
37-724 Koliganek ,100,80,2,9,3,194,0.41237113402061853,0.5154639175257731,0.04639175257731959,0.010309278350515464,begich,Koliganek ,37-724,724 ,-0.1030927835051546
37-726 Lake Iliamna No. 1 ,88,39,4,6,3,140,0.2785714285714286,0.6285714285714286,0.04285714285714286,0.02857142857142857,begich,Lake Iliamna No. 1 ,37-726,726 ,-0.35
37-728 Lake Iliamna No. 2 ,77,48,5,5,9,144,0.3333333333333333,0.5347222222222222,0.034722222222222224,0.034722222222222224,begich,Lake Iliamna No. 2 ,37-728,728 ,-0.2013888888888889
37-730 Levelock ,53,93,3,5,8,162,0.5740740740740741,0.3271604938271605,0.030864197530864196,0.018518518518518517,dunleavy,Levelock ,37-730,730 ,0.24691358024691357
37-732 Manokotak ,23,23,10,9,8,73,0.3150684931506849,0.3150684931506849,0.1232876712328767,0.136986301369863,dunleavy,Manokotak ,37-732,732 ,0
37-734 Naknek ,28,92,6,2,5,133,0.6917293233082706,0.21052631578947367,0.015037593984962405,0.045112781954887216,dunleavy,Naknek ,37-734,734 ,0.48120300751879697
37-736 New Stuyahok ,87,80,8,8,4,187,0.42780748663101603,0.46524064171123,0.0427807486631016,0.0427807486631016,begich,New Stuyahok ,37-736,736 ,-0.03743315508021394
37-738 Nondalton ,71,25,9,5,10,120,0.20833333333333334,0.5916666666666667,0.041666666666666664,0.075,begich,Nondalton ,37-738,738 ,-0.3833333333333333
37-740 Pedro Bay ,83,92,2,7,8,192,0.4791666666666667,0.4322916666666667,0.036458333333333336,0.010416666666666666,dunleavy,Pedro Bay ,37-740,740 ,0.046875
37-742 Port Heiden ,77,35,1,8,6,127,0.27559055118110237,0.6062992125984252,0.06299212598425197,0.007874015748031496,begich,Port Heiden ,37-742,742 ,-0.33070866141732286
37-744 Sand Point ,74,92,8,7,4,185,0.4972972972972973,0.4,0.03783783783783784,0.043243243243243246,dunleavy,Sand Point ,37-744,744 ,0.0972972972972973
37-746 Sleetmute ,81,96,5,10,1,193,0.49740932642487046,0.41968911917098445,0.05181347150259067,0.025906735751295335,dunleavy,Sleetmute ,37-746,746 ,0.07772020725388601
37-748 South Naknek ,48,24,3,5,4,84,0.2857142857142857,0.5714285714285714,0.05952380952380952,0.03571428571428571,begich,South Naknek ,37-748,748 ,-0.2857142857142857
37-750 St. George Island ,39,90,5,10,8,152,0.5921052631578947,0.2565789473684211,0.06578947368421052,0.03289473684210526,dunleavy,St. George Island ,37-750,750 ,0.3355263157894736
37-752 St. Paul Island ,90,95,8,2,2,197,0.48223350253807107,0.45685279187817257,0.01015228426395939,0.04060913705583756,dunleavy,St. Paul Island ,37-752,752 ,0.025380710659898498
37-754 Togiak ,31,74,1,9,5,120,0.6166666666666667,0.25833333333333336,0.075,0.008333333333333333,dunleavy,Togiak ,37-754,754 ,0.35833333333333334
38-800 Akiachak ,92,34,2,5,6,139,0.2446043165467626,0.6618705035971223,0.03597122302158273,0.014388489208633094,begich,Akiachak ,38-800,800 ,-0.41726618705035967
38-802 Akiak ,29,89,8,3,8,137,0.6496350364963503,0.2116788321167883,0.021897810218978103,0.058394160583941604,dunleavy,Akiak ,38-802,802 ,0.43795620437956206
38-804 Aniak ,95,84,3,4,2,188,0.44680851063829785,0.5053191489361702,0.02127659574468085,0.015957446808510637,begich,Aniak ,38-804,804 ,-0.0585106382978724
38-806 Atmautluak ,70,51,10,4,3,138,0.3695652173913043,0.5072463768115942,0.028985507246376812,0.07246376811594203,begich,Atmautluak ,38-806,806 ,-0.1376811594202899
38-808 Bethel No. 1 ,47,52,2,3,4,108,0.48148148148148145,0.4351851851851852,0.027777777777777776,0.018518518518518517,dunleavy,Bethel No. 1 ,38-808,808 ,0.04629629629629628
38-810 Bethel No. 2 ,49,62,6,9,8,134,0.4626865671641791,0.3656716417910448,0.06716417910447761,0.04477611940298507,dunleavy,Bethel No. 2 ,38-810,810 ,0.09701492537313433
38-812 Chefornak ,42,57,5,4,5,113,0.504424778761062,0.37168141592920356,0.035398230088495575,0.04424778761061947,dunleavy,Chefornak ,38-812,812 ,0.1327433628318584
38-814 Chuathbaluk ,49,82,6,7,2,146,0.5616438356164384,0.3356164383561644,0.04794520547945205,0.0410958904109589,dunleavy,Chuathbaluk ,38-814,814 ,0.226027397260274
38-816 Crooked Creek ,24,97,7,7,2,137,0.708029197080292,0.17518248175182483,0.051094890510948905,0.051094890510948905,dunleavy,Crooked Creek ,38-816,816 ,0.5328467153284672
38-818 Eek ,37,74,5,3,8,127,0.5826771653543307,0.29133858267716534,0.023622047244094488,0.03937007874015748,dunleavy,Eek ,38-818,818 ,0.29133858267716534
38-820 Goodnews Bay ,13,31,4,8,8,64,0.484375,0.203125,0.125,0.0625,dunleavy,Goodnews Bay ,38-820,820 ,0.28125
38-822 Kasigluk ,84,17,1,3,5,110,0.15454545454545454,0.7636363636363637,0.02727272727272727,0.00909090909090909,begich,Kasigluk ,38-822,822 ,-0.6090909090909091
38-824 Kipnuk ,27,66,7,9,4,113,0.584070796460177,0.23893805309734514,0.07964601769911504,0.061946902654867256,dunleavy,Kipnuk ,38-824,824 ,0.34513274336283184
38-826 Kongiganak ,56,67,3,2,9,137,0.48905109489051096,0.40875912408759124,0.014598540145985401,0.021897810218978103,dunleavy,Kongiganak ,38-826,826 ,0.08029197080291972
38-828 Kwethluk ,28,64,8,5,5,110,0.5818181818181818,0.2545454545454545,0.045454545454545456,0.07272727272727272,dunleavy,Kwethluk ,38-828,828 ,0.32727272727272727
38-830 Kwigillingok ,24,82,5,9,7,127,0.6456692913385826,0.1889763779527559,0.07086614173228346,0.03937007874015748,dunleavy,Kwigillingok ,38-830,830 ,0.45669291338582674
38-832 Lower Kalskag ,81,82,6,7,3,179,0.4581005586592179,0.45251396648044695,0.03910614525139665,0.0335195530726257,dunleavy,Lower Kalskag ,38-832,832 ,0.005586592178770944
38-834 Marshall ,17,75,2,4,6,104,0.7211538461538461,0.16346153846153846,0.038461538461538464,0.019230769230769232,dunleavy,Marshall ,38-834,834 ,0.5576923076923077
38-836 Mekoryuk ,10,20,9,1,3,43,0.46511627906976744,0.23255813953488372,0.023255813953488372,0.20930232558139536,dunleavy,Mekoryuk ,38-836,836 ,0.23255813953488372
38-838 Napakiak ,72,30,3,9,4,118,0.2542372881355932,0.6101694915254238,0.07627118644067797,0.025423728813559324,begich,Napakiak ,38-838,838 ,-0.35593220338983056
38-840 Napaskiak ,25,89,6,8,7,135,0.6592592592592592,0.18518518518518517,0.05925925925925926,0.044444444444444446,dunleavy,Napaskiak ,38-840,840 ,0.47407407407407404
38-842 Newtok ,92,37,7,6,9,151,0.24503311258278146,0.609271523178808,0.039735099337748346,0.046357615894039736,begich,Newtok ,38-842,842 ,-0.36423841059602646
38-844 Nightmute ,54,13,2,9,4,82,0.15853658536585366,0.6585365853658537,0.10975609756097561,0.024390243902439025,begich,Nightmute ,38-844,844 ,-0.5
38-846 Nunapitchuk ,22,82,8,3,3,118,0.6949152542372882,0.1864406779661017,0.025423728813559324,0.06779661016949153,dunleavy,Nunapitchuk ,38-846,846 ,0.5084745762711864
38-848 Quinhagak ,95,31,3,9,1,139,0.22302158273381295,0.6834532374100719,0.06474820143884892,0.02158273381294964,begich,Quinhagak ,38-848,848 ,-0.46043165467625896
38-850 Russian Mission ,60,95,7,2,6,170,0.5588235294117647,0.35294117647058826,0.011764705882352941,0.041176470588235294,dunleavy,Russian Mission ,38-850,850 ,0.20588235294117646
38-852 Toksook Bay ,69,56,1,6,6,138,0.4057971014492754,0.5,0.043478260869565216,0.007246376811594203,begich,Toksook Bay ,38-852,852 ,-0.09420289855072461
38-854 Tuluksak ,76,47,3,8,1,135,0.34814814814814815,0.562962962962963,0.05925925925925926,0.022222222222222223,begich,Tuluksak ,38-854,854 ,-0.21481481481481485
38-856 Tuntutuliak ,16,11,7,7,3,44,0.25,0.36363636363636365,0.1590909090909091,0.1590909090909091,begich,Tuntutuliak ,38-856,856 ,-0.11363636363636365
38-858 Tununak ,17,26,4,7,9,63,0.4126984126984127,0.2698412698412698,0.1111111111111111,0.06349206349206349,dunleavy,Tununak ,38-858,858 ,0.14285714285714285
38-860 Upper Kalskag ,67,50,7,6,7,137,0.36496350364963503,0.48905109489051096,0.043795620437956206,0.051094890510948905,begich,Upper Kalskag ,38-860,860 ,-0.12408759124087593
39-314 Galena ,28,50,6,10,5,99,0.5050505050505051,0.2828282828282828,0.10101010101010101,0.06060606060606061,dunleavy,Galena ,39-314,314 ,0.22222222222222227
39-316 Huslia ,87,89,7,10,8,201,0.4427860696517413,0.43283582089552236,0.04975124378109453,0.03482587064676617,dunleavy,Huslia ,39-316,316 ,0.009950248756218916
39-318 Kaltag ,41,47,9,4,5,106,0.44339622641509435,0.3867924528301887,0.03773584905660377,0.08490566037735849,dunleavy,Kaltag ,39-318,318 ,0.05660377358490565
39-320 Koyukuk ,69,92,10,7,2,180,0.5111111111111111,0.38333333333333336,0.03888888888888889,0.05555555555555555,dunleavy,Koyukuk ,39-320,320 ,0.1277777777777777
39-322 Nulato ,28,58,2,2,3,93,0.6236559139784946,0.3010752688172043,0.021505376344086023,0.021505376344086023,dunleavy,Nulato ,39-322,322 ,0.3225806451612903
39-324 Ruby ,14,50,8,9,6,87,0.5747126436781609,0.16091954022988506,0.10344827586206896,0.09195402298850575,dunleavy,Ruby ,39-324,324 ,0.4137931034482758
39-900 Alakanuk ,92,19,3,2,7,123,0.15447154471544716,0.7479674796747967,0.016260162601626018,0.024390243902439025,begich,Alakanuk ,39-900,900 ,-0.5934959349593496
39-902 Brevig Mission ,45,31,8,10,9,103,0.30097087378640774,0.4368932038834951,0.0970873786407767,0.07766990291262135,begich,Brevig Mission ,39-902,902 ,-0.13592233009708737
39-904 Chevak ,34,74,4,5,9,126,0.5873015873015873,0.2698412698412698,0.03968253968253968,0.031746031746031744,dunleavy,Chevak ,39-904,904 ,0.3174603174603175
39-906 Diomede ,46,24,8,1,8,87,0.27586206896551724,0.5287356321839081,0.011494252873563218,0.09195402298850575,begich,Diomede ,39-906,906 ,-0.25287356321839083
39-908 Elim ,24,77,9,4,8,122,0.6311475409836066,0.19672131147540983,0.03278688524590164,0.07377049180327869,dunleavy,Elim ,39-908,908 ,0.43442622950819676
39-910 Emmonak ,21,90,6,7,4,128,0.703125,0.1640625,0.0546875,0.046875,dunleavy,Emmonak ,39-910,910 ,0.5390625
39-912 Gambell ,64,14,7,3,6,94,0.14893617021276595,0.6808510638297872,0.031914893617021274,0.07446808510638298,begich,Gambell ,39-912,912 ,-0.5319148936170213
39-914 Golovin ,66,71,8,10,2,157,0.45222929936305734,0.42038216560509556,0.06369426751592357,0.050955414012738856,dunleavy,Golovin ,39-914,914 ,0.031847133757961776
39-916 Hooper Bay ,35,41,2,4,7,89,0.4606741573033708,0.39325842696629215,0.0449438202247191,0.02247191011235955,dunleavy,Hooper Bay ,39-916,916 ,0.06741573033707865
39-918 Kotlik ,87,49,7,7,3,153,0.3202614379084967,0.5686274509803921,0.0457516339869281,0.0457516339869281,begich,Kotlik ,39-918,918 ,-0.24836601307189543
39-920 Koyuk ,56,76,1,5,8,146,0.5205479452054794,0.3835616438356164,0.03424657534246575,0.00684931506849315,dunleavy,Koyuk ,39-920,920 ,0.136986301369863
39-922 Mountain Village ,28,92,8,8,9,145,0.6344827586206897,0.19310344827586207,0.05517241379310345,0.05517241379310345,dunleavy,Mountain Village ,39-922,922 ,0.44137931034482764
39-924 Nome No. 1 ,10,67,7,6,5,95,0.7052631578947368,0.10526315789473684,0.06315789473684211,0.07368421052631578,dunleavy,Nome No. 1 ,39-924,924 ,0.6
39-926 Nome No. 2 ,71,65,3,10,5,154,0.42207792207792205,0.461038961038961,0.06493506493506493,0.01948051948051948,begich,Nome No. 2 ,39-926,926 ,-0.038961038961038974
39-928 Nunam Iqua ,82,66,6,3,5,162,0.4074074074074074,0.5061728395061729,0.018518518518518517,0.037037037037037035,begich,Nunam Iqua ,39-928,928 ,-0.09876543209876548
39-930 Pilot Station ,50,96,8,8,6,168,0.5714285714285714,0.2976190476190476,0.047619047619047616,0.047619047619047616,dunleavy,Pilot Station ,39-930,930 ,0.2738095238095238
39-932 Savoonga ,17,28,6,3,4,58,0.4827586206896552,0.29310344827586204,0.05172413793103448,0.10344827586206896,dunleavy,Savoonga ,39-932,932 ,0.18965517241379315
39-934 Scammon Bay ,40,55,8,6,7,116,0.47413793103448276,0.3448275862068966,0.05172413793103448,0.06896551724137931,dunleavy,Scammon Bay ,39-934,934 ,0.1293103448275862
39-936 Shaktoolik ,66,70,2,5,3,146,0.4794520547945205,0.4520547945205479,0.03424657534246575,0.0136986301369863,dunleavy,Shaktoolik ,39-936,936 ,0.0273972602739726
39-938 Shishmaref ,73,42,6,7,7,135,0.3111111111111111,0.5407407407407407,0.05185185185185185,0.044444444444444446,begich,Shishmaref ,39-938,938 ,-0.22962962962962963
39-940 St. Mary's ,12,85,7,2,5,111,0.7657657657657657,0.10810810810810811,0.018018018018018018,0.06306306306306306,dunleavy,St. Mary's ,39-940,940 ,0.6576576576576576
39-942 St. Michael ,82,45,3,6,5,141,0.3191489361702128,0.5815602836879432,0.0425531914893617,0.02127659574468085,begich,St. Michael ,39-942,942 ,-0.26241134751773043
39-944 Stebbins ,78,18,9,10,5,120,0.15,0.65,0.08333333333333333,0.075,begich,Stebbins ,39-944,944 ,-0.5
39-946 Teller ,90,86,10,1,3,190,0.45263157894736844,0.47368421052631576,0.005263157894736842,0.05263157894736842,begich,Teller ,39-946,946 ,-0.021052631578947323
39-948 Unalakleet ,26,46,3,3,8,86,0.5348837209302325,0.3023255813953488,0.03488372093023256,0.03488372093023256,dunleavy,Unalakleet ,39-948,948 ,0.2325581395348837
39-950 Wales ,89,21,4,1,9,124,0.1693548387096774,0.717741935483871,0.008064516129032258,0.03225806451612903,begich,Wales ,39-950,950 ,-0.5483870967741936
39-952 White Mountain ,38,60,1,7,8,114,0.5263157894736842,0.3333333333333333,0.06140350877192982,0.008771929824561403,dunleavy,White Mountain ,39-952,952 ,0.19298245614035087
40-002 Ambler ,70,46,6,1,9,132,0.3484848484848485,0.5303030303030303,0.007575757575757576,0.045454545454545456,begich,Ambler ,40-002,002 ,-0.18181818181818177
40-004 Anaktuvuk Pass ,40,34,9,3,9,95,0.35789473684210527,0.42105263157894735,0.031578947368421054,0.09473684210526316,begich,Anaktuvuk Pass ,40-004,004 ,-0.06315789473684208
40-006 Atqasuk ,64,30,1,1,2,98,0.30612244897959184,0.6530612244897959,0.01020408163265306,0.01020408163265306,begich,Atqasuk ,40-006,006 ,-0.346938775510204
40-008 Utqiagvik (Barrow) ,24,61,9,4,4,102,0.5980392156862745,0.23529411764705882,0.0392156862745098,0.08823529411764706,dunleavy,Utqiagvik (Barrow) ,40-008,008 ,0.3627450980392157
40-010 Browerville ,32,49,7,5,8,101,0.48514851485148514,0.31683168316831684,0.04950495049504951,0.06930693069306931,dunleavy,Browerville ,40-010,010 ,0.1683168316831683
40-012 Buckland ,53,96,3,10,8,170,0.5647058823529412,0.31176470588235294,0.058823529411764705,0.01764705882352941,dunleavy,Buckland ,40-012,012 ,0.2529411764705882
40-014 Deering ,36,43,8,6,4,97,0.44329896907216493,0.3711340206185567,0.061855670103092786,0.08247422680412371,dunleavy,Deering ,40-014,014 ,0.07216494845360821
40-016 Kaktovik ,57,29,6,4,1,97,0.29896907216494845,0.5876288659793815,0.041237113402061855,0.061855670103092786,begich,Kaktovik ,40-016,016 ,-0.288659793814433
40-018 Kiana ,54,12,8,6,1,81,0.14814814814814814,0.6666666666666666,0.07407407407407407,0.09876543209876543,begich,Kiana ,40-018,018 ,-0.5185185185185185
40-020 Kivalina ,68,78,8,2,4,160,0.4875,0.425,0.0125,0.05,dunleavy,Kivalina ,40-020,020 ,0.0625
40-022 Kobuk ,66,89,8,4,6,173,0.5144508670520231,0.3815028901734104,0.023121387283236993,0.046242774566473986,dunleavy,Kobuk ,40-022,022 ,0.13294797687861276
40-024 Kotzebue ,11,41,7,9,3,71,0.5774647887323944,0.15492957746478872,0.1267605633802817,0.09859154929577464,dunleavy,Kotzebue ,40-024,024 ,0.4225352112676056
40-026 Noatak ,24,60,8,4,5,101,0.594059405940594,0.2376237623762376,0.039603960396039604,0.07920792079207921,dunleavy,Noatak ,40-026,026 ,0.3564356435643564
40-028 Noorvik ,97,78,10,9,3,197,0.39593908629441626,0.49238578680203043,0.04568527918781726,0.050761421319796954,begich,Noorvik ,40-028,028 ,-0.09644670050761417
40-030 Nuiqsut ,71,68,10,4,5,158,0.43037974683544306,0.44936708860759494,0.02531645569620253,0.06329113924050633,begich,Nuiqsut ,40-030,030 ,-0.01898734177215189
40-032 Point Hope ,85,81,6,6,10,188,0.4308510638297872,0.4521276595744681,0.031914893617021274,0.031914893617021274,begich,Point Hope ,40-032,032 ,-0.021276595744680882
40-034 Point Lay ,53,28,10,5,8,104,0.2692307692307692,0.5096153846153846,0.04807692307692308,0.09615384615384616,begich,Point Lay ,40-034,034 ,-0.24038461538461536
40-036 Selawik ,64,33,8,6,4,115,0.28695652173913044,0.5565217391304348,0.05217391304347826,0.06956521739130435,begich,Selawik ,40-036,036 ,-0.26956521739130435
40-038 Shungnak ,83,20,2,8,6,119,0.16806722689075632,0.6974789915966386,0.06722689075630252,0.01680672268907563,begich,Shungnak ,40-038,038 ,-0.5294117647058822
40-040 Wainwright ,85,52,4,9,6,156,0.3333333333333333,0.5448717948717948,0.057692307692307696,0.02564102564102564,begich,Wainwright ,40-040,040 ,-0.2115384615384615
40-326 Allakaket ,97,69,10,6,8,190,0.3631578947368421,0.5105263157894737,0.031578947368421054,0.05263157894736842,begich,Allakaket ,40-326,326 ,-0.1473684210526316
40-328 Bettles ,83,14,4,2,7,110,0.12727272727272726,0.7545454545454545,0.01818181818181818,0.03636363636363636,begich,Bettles ,40-328,328 ,-0.6272727272727272
40-330 Hughes ,80,28,5,9,2,124,0.22580645161290322,0.6451612903225806,0.07258064516129033,0.04032258064516129,begich,Hughes ,40-330,330 ,-0.4193548387096774
District 1 - Absentee ,31,52,2,8,5,98,0.5306122448979592,0.3163265306122449,0.08163265306122448,0.02040816326530612,dunleavy,t 1 - Absentee ,Distri,tric,0.2142857142857143
District 1 - Early Voting ,83,79,8,6,9,185,0.42702702702702705,0.4486486486486487,0.032432432432432434,0.043243243243243246,begich,t 1 - Early Voting ,Distri,tric,-0.021621621621621623
District 1 - Question ,62,15,4,5,7,93,0.16129032258064516,0.6666666666666666,0.053763440860215055,0.043010752688172046,begich,t 1 - Question ,Distri,tric,-0.5053763440860215
District 10 - Absentee ,79,38,5,7,2,131,0.2900763358778626,0.6030534351145038,0.05343511450381679,0.03816793893129771,begich,t 10 - Absentee ,Distri,tric,-0.31297709923664124
District 10 - Early Voting ,69,57,2,5,6,139,0.41007194244604317,0.49640287769784175,0.03597122302158273,0.014388489208633094,begich,t 10 - Early Voting ,Distri,tric,-0.08633093525179858
District 10 - Question ,39,46,8,8,7,108,0.42592592592592593,0.3611111111111111,0.07407407407407407,0.07407407407407407,dunleavy,t 10 - Question ,Distri,tric,0.06481481481481483
District 11 - Absentee ,81,78,2,10,2,173,0.4508670520231214,0.4682080924855491,0.057803468208092484,0.011560693641618497,begich,t 11 - Absentee ,Distri,tric,-0.017341040462427737
District 11 - Early Voting ,89,23,1,2,8,123,0.18699186991869918,0.7235772357723578,0.016260162601626018,0.008130081300813009,begich,t 11 - Early Voting ,Distri,tric,-0.5365853658536586
District 11 - Question ,52,49,5,3,8,117,0.4188034188034188,0.4444444444444444,0.02564102564102564,0.042735042735042736,begich,t 11 - Question ,Distri,tric,-0.025641025641025605
District 12 - Absentee ,37,83,5,2,1,128,0.6484375,0.2890625,0.015625,0.0390625,dunleavy,t 12 - Absentee ,Distri,tric,0.359375
District 12 - Early Voting ,77,11,4,4,2,98,0.11224489795918367,0.7857142857142857,0.04081632653061224,0.04081632653061224,begich,t 12 - Early Voting ,Distri,tric,-0.673469387755102
District 12 - Question ,93,54,9,6,10,172,0.313953488372093,0.5406976744186046,0.03488372093023256,0.05232558139534884,begich,t 12 - Question ,Distri,tric,-0.2267441860465116
District 13 - Absentee ,66,61,6,6,2,141,0.4326241134751773,0.46808510638297873,0.0425531914893617,0.0425531914893617,begich,t 13 - Absentee ,Distri,tric,-0.035460992907801414
District 13 - Early Voting ,93,71,2,4,2,172,0.4127906976744186,0.5406976744186046,0.023255813953488372,0.011627906976744186,begich,t 13 - Early Voting ,Distri,tric,-0.127906976744186
District 13 - Question ,28,98,3,10,5,144,0.6805555555555556,0.19444444444444445,0.06944444444444445,0.020833333333333332,dunleavy,t 13 - Question ,Distri,tric,0.48611111111111116
District 14 - Absentee ,88,73,4,2,4,171,0.4269005847953216,0.5146198830409356,0.011695906432748537,0.023391812865497075,begich,t 14 - Absentee ,Distri,tric,-0.08771929824561403
District 14 - Early Voting ,57,45,3,1,9,115,0.391304347826087,0.4956521739130435,0.008695652173913044,0.02608695652173913,begich,t 14 - Early Voting ,Distri,tric,-0.10434782608695653
District 14 - Question ,87,62,8,8,2,167,0.3712574850299401,0.5209580838323353,0.04790419161676647,0.04790419161676647,begich,t 14 - Question ,Distri,tric,-0.14970059880239522
District 15 - Absentee ,58,21,9,9,2,99,0.21212121212121213,0.5858585858585859,0.09090909090909091,0.09090909090909091,begich,t 15 - Absentee ,Distri,tric,-0.3737373737373737
District 15 - Early Voting ,46,60,7,6,5,124,0.4838709677419355,0.3709677419354839,0.04838709677419355,0.056451612903225805,dunleavy,t 15 - Early Voting ,Distri,tric,0.11290322580645162
District 15 - Question ,13,47,4,6,7,77,0.6103896103896104,0.16883116883116883,0.07792207792207792,0.05194805194805195,dunleavy,t 15 - Question ,Distri,tric,0.44155844155844154
District 16 - Absentee ,42,14,9,6,7,78,0.1794871794871795,0.5384615384615384,0.07692307692307693,0.11538461538461539,begich,t 16 - Absentee ,Distri,tric,-0.3589743589743589
District 16 - Early Voting ,25,76,8,6,5,120,0.6333333333333333,0.20833333333333334,0.05,0.06666666666666667,dunleavy,t 16 - Early Voting ,Distri,tric,0.42499999999999993
District 16 - Question ,15,82,4,7,8,116,0.7068965517241379,0.12931034482758622,0.0603448275862069,0.034482758620689655,dunleavy,t 16 - Question ,Distri,tric,0.5775862068965517
District 17 - Absentee ,48,100,8,8,9,173,0.5780346820809249,0.2774566473988439,0.046242774566473986,0.046242774566473986,dunleavy,t 17 - Absentee ,Distri,tric,0.300578034682081
District 17 - Early Voting ,30,72,2,9,3,116,0.6206896551724138,0.25862068965517243,0.07758620689655173,0.017241379310344827,dunleavy,t 17 - Early Voting ,Distri,tric,0.3620689655172414
District 17 - Question ,14,17,9,5,6,51,0.3333333333333333,0.27450980392156865,0.09803921568627451,0.17647058823529413,dunleavy,t 17 - Question ,Distri,tric,0.05882352941176466
District 18 - Absentee ,89,49,4,9,1,152,0.3223684210526316,0.5855263157894737,0.05921052631578947,0.02631578947368421,begich,t 18 - Absentee ,Distri,tric,-0.2631578947368421
District 18 - Early Voting ,28,20,10,9,8,75,0.26666666666666666,0.37333333333333335,0.12,0.13333333333333333,begich,t 18 - Early Voting ,Distri,tric,-0.10666666666666669
District 18 - Question ,33,68,3,1,3,108,0.6296296296296297,0.3055555555555556,0.009259259259259259,0.027777777777777776,dunleavy,t 18 - Question ,Distri,tric,0.32407407407407407
District 19 - Absentee ,25,47,9,5,6,92,0.5108695652173914,0.2717391304347826,0.05434782608695652,0.09782608695652174,dunleavy,t 19 - Absentee ,Distri,tric,0.23913043478260876
District 19 - Early Voting ,53,53,6,9,3,124,0.4274193548387097,0.4274193548387097,0.07258064516129033,0.04838709677419355,dunleavy,t 19 - Early Voting ,Distri,tric,0
District 19 - Question ,49,85,4,4,5,147,0.5782312925170068,0.3333333333333333,0.027210884353741496,0.027210884353741496,dunleavy,t 19 - Question ,Distri,tric,0.24489795918367346
District 2 - Absentee ,14,40,8,4,9,75,0.5333333333333333,0.18666666666666668,0.05333333333333334,0.10666666666666667,dunleavy,t 2 - Absentee ,Distri,tric,0.3466666666666667
District 2 - Early Voting ,13,78,6,4,7,108,0.7222222222222222,0.12037037037037036,0.037037037037037035,0.05555555555555555,dunleavy,t 2 - Early Voting ,Distri,tric,0.6018518518518519
District 2 - Question ,66,21,7,2,7,103,0.20388349514563106,0.6407766990291263,0.019417475728155338,0.06796116504854369,begich,t 2 - Question ,Distri,tric,-0.4368932038834952
District 20 - Absentee ,37,11,6,2,6,62,0.1774193548387097,0.5967741935483871,0.03225806451612903,0.0967741935483871,begich,t 20 - Absentee ,Distri,tric,-0.41935483870967744
District 20 - Early Voting ,70,54,3,2,9,138,0.391304347826087,0.5072463768115942,0.014492753623188406,0.021739130434782608,begich,t 20 - Early Voting ,Distri,tric,-0.11594202898550726
District 20 - Question ,79,20,2,8,2,111,0.18018018018018017,0.7117117117117117,0.07207207207207207,0.018018018018018018,begich,t 20 - Question ,Distri,tric,-0.5315315315315314
District 21 - Absentee ,60,81,7,10,6,164,0.49390243902439024,0.36585365853658536,0.06097560975609756,0.042682926829268296,dunleavy,t 21 - Absentee ,Distri,tric,0.12804878048780488
District 21 - Early Voting ,80,61,7,4,2,154,0.3961038961038961,0.5194805194805194,0.025974025974025976,0.045454545454545456,begich,t 21 - Early Voting ,Distri,tric,-0.1233766233766233
District 21 - Question ,26,63,4,3,7,103,0.6116504854368932,0.2524271844660194,0.02912621359223301,0.038834951456310676,dunleavy,t 21 - Question ,Distri,tric,0.35922330097087374
District 22 - Absentee ,62,45,7,3,8,125,0.36,0.496,0.024,0.056,begich,t 22 - Absentee ,Distri,tric,-0.136
District 22 - Early Voting ,64,59,2,6,3,134,0.44029850746268656,0.47761194029850745,0.04477611940298507,0.014925373134328358,begich,t 22 - Early Voting ,Distri,tric,-0.03731343283582089
District 22 - Question ,69,52,4,2,2,129,0.40310077519379844,0.5348837209302325,0.015503875968992248,0.031007751937984496,begich,t 22 - Question ,Distri,tric,-0.13178294573643407
District 23 - Absentee ,97,10,7,3,8,125,0.08,0.776,0.024,0.056,begich,t 23 - Absentee ,Distri,tric,-0.6960000000000001
District 23 - Early Voting ,61,27,3,2,9,102,0.2647058823529412,0.5980392156862745,0.0196078431372549,0.029411764705882353,begich,t 23 - Early Voting ,Distri,tric,-0.3333333333333333
District 23 - Question ,54,21,5,8,4,92,0.22826086956521738,0.5869565217391305,0.08695652173913043,0.05434782608695652,begich,t 23 - Question ,Distri,tric,-0.3586956521739131
District 24 - Absentee ,97,14,4,10,9,134,0.1044776119402985,0.7238805970149254,0.07462686567164178,0.029850746268656716,begich,t 24 - Absentee ,Distri,tric,-0.6194029850746269
District 24 - Early Voting ,32,15,5,3,1,56,0.26785714285714285,0.5714285714285714,0.05357142857142857,0.08928571428571429,begich,t 24 - Early Voting ,Distri,tric,-0.30357142857142855
District 24 - Question ,42,71,9,9,1,132,0.5378787878787878,0.3181818181818182,0.06818181818181818,0.06818181818181818,dunleavy,t 24 - Question ,Distri,tric,0.21969696969696967
District 25 - Absentee ,46,45,3,10,5,109,0.41284403669724773,0.42201834862385323,0.09174311926605505,0.027522935779816515,begich,t 25 - Absentee ,Distri,tric,-0.009174311926605505
District 25 - Early Voting ,43,88,8,2,10,151,0.5827814569536424,0.2847682119205298,0.013245033112582781,0.052980132450331126,dunleavy,t 25 - Early Voting ,Distri,tric,0.29801324503311255
District 25 - Question ,22,26,2,4,9,63,0.4126984126984127,0.3492063492063492,0.06349206349206349,0.031746031746031744,dunleavy,t 25 - Question ,Distri,tric,0.06349206349206349
District 26 - Absentee ,31,17,5,4,10,67,0.2537313432835821,0.4626865671641791,0.05970149253731343,0.07462686567164178,begich,t 26 - Absentee ,Distri,tric,-0.208955223880597
District 26 - Early Voting ,57,82,10,3,6,158,0.5189873417721519,0.36075949367088606,0.0189873417721519,0.06329113924050633,dunleavy,t 26 - Early Voting ,Distri,tric,0.15822784810126583
District 26 - Question ,68,28,2,10,1,109,0.25688073394495414,0.6238532110091743,0.09174311926605505,0.01834862385321101,begich,t 26 - Question ,Distri,tric,-0.3669724770642202
District 27 - Absentee ,63,73,6,9,10,161,0.453416149068323,0.391304347826087,0.055900621118012424,0.037267080745341616,dunleavy,t 27 - Absentee ,Distri,tric,0.06211180124223603
District 27 - Early Voting ,20,58,3,5,5,91,0.6373626373626373,0.21978021978021978,0.054945054945054944,0.03296703296703297,dunleavy,t 27 - Early Voting ,Distri,tric,0.41758241758241754
District 27 - Question ,39,33,6,9,4,91,0.3626373626373626,0.42857142857142855,0.0989010989010989,0.06593406593406594,begich,t 27 - Question ,Distri,tric,-0.06593406593406592
District 28 - Absentee ,42,50,7,5,3,107,0.4672897196261682,0.3925233644859813,0.04672897196261682,0.06542056074766354,dunleavy,t 28 - Absentee ,Distri,tric,0.07476635514018692
District 28 - Early Voting ,38,11,1,3,3,56,0.19642857142857142,0.6785714285714286,0.05357142857142857,0.017857142857142856,begich,t 28 - Early Voting ,Distri,tric,-0.4821428571428572
District 28 - Question ,46,70,2,6,6,130,0.5384615384615384,0.35384615384615387,0.046153846153846156,0.015384615384615385,dunleavy,t 28 - Question ,Distri,tric,0.18461538461538457
District 29 - Absentee ,94,56,1,4,2,157,0.35668789808917195,0.5987261146496815,0.025477707006369428,0.006369426751592357,begich,t 29 - Absentee ,Distri,tric,-0.24203821656050956
District 29 - Early Voting ,42,15,10,3,6,76,0.19736842105263158,0.5526315789473685,0.039473684210526314,0.13157894736842105,begich,t 29 - Early Voting ,Distri,tric,-0.3552631578947369
District 29 - Question ,13,34,2,3,10,62,0.5483870967741935,0.20967741935483872,0.04838709677419355,0.03225806451612903,dunleavy,t 29 - Question ,Distri,tric,0.33870967741935476
District 3 - Absentee ,28,34,4,8,5,79,0.43037974683544306,0.35443037974683544,0.10126582278481013,0.05063291139240506,dunleavy,t 3 - Absentee ,Distri,tric,0.07594936708860761
District 3 - Early Voting ,78,71,9,3,6,167,0.4251497005988024,0.46706586826347307,0.017964071856287425,0.05389221556886228,begich,t 3 - Early Voting ,Distri,tric,-0.041916167664670656
District 3 - Question ,83,65,9,7,8,172,0.37790697674418605,0.48255813953488375,0.040697674418604654,0.05232558139534884,begich,t 3 - Question ,Distri,tric,-0.1046511627906977
District 30 - Absentee ,79,82,5,7,3,176,0.4659090909090909,0.44886363636363635,0.03977272727272727,0.028409090909090908,dunleavy,t 30 - Absentee ,Distri,tric,0.01704545454545453
District 30 - Early Voting ,80,91,10,5,5,191,0.47643979057591623,0.418848167539267,0.02617801047120419,0.05235602094240838,dunleavy,t 30 - Early Voting ,Distri,tric,0.05759162303664922
District 30 - Question ,91,77,6,9,2,185,0.41621621621621624,0.4918918918918919,0.04864864864864865,0.032432432432432434,begich,t 30 - Question ,Distri,tric,-0.07567567567567568
District 31 - Absentee ,97,41,1,9,1,149,0.2751677852348993,0.6510067114093959,0.06040268456375839,0.006711409395973154,begich,t 31 - Absentee ,Distri,tric,-0.3758389261744966
District 31 - Early Voting ,63,65,6,2,2,138,0.47101449275362317,0.45652173913043476,0.014492753623188406,0.043478260869565216,dunleavy,t 31 - Early Voting ,Distri,tric,0.014492753623188415
District 31 - Question ,78,38,3,7,6,132,0.2878787878787879,0.5909090909090909,0.05303030303030303,0.022727272727272728,begich,t 31 - Question ,Distri,tric,-0.30303030303030304
District 32 - Absentee ,26,68,8,2,3,107,0.6355140186915887,0.24299065420560748,0.018691588785046728,0.07476635514018691,dunleavy,t 32 - Absentee ,Distri,tric,0.39252336448598124
District 32 - Early Voting ,46,45,7,6,5,109,0.41284403669724773,0.42201834862385323,0.05504587155963303,0.06422018348623854,begich,t 32 - Early Voting ,Distri,tric,-0.009174311926605505
District 32 - Question ,91,39,7,1,5,143,0.2727272727272727,0.6363636363636364,0.006993006993006993,0.04895104895104895,begich,t 32 - Question ,Distri,tric,-0.36363636363636365
District 33 - Absentee ,94,64,4,4,4,170,0.3764705882352941,0.5529411764705883,0.023529411764705882,0.023529411764705882,begich,t 33 - Absentee ,Distri,tric,-0.17647058823529416
District 33 - Early Voting ,32,85,6,7,5,135,0.6296296296296297,0.23703703703703705,0.05185185185185185,0.044444444444444446,dunleavy,t 33 - Early Voting ,Distri,tric,0.3925925925925926
District 33 - Question ,27,43,3,7,7,87,0.4942528735632184,0.3103448275862069,0.08045977011494253,0.034482758620689655,dunleavy,t 33 - Question ,Distri,tric,0.1839080459770115
District 34 - Absentee ,39,28,9,8,6,90,0.3111111111111111,0.43333333333333335,0.08888888888888889,0.1,begich,t 34 - Absentee ,Distri,tric,-0.12222222222222223
District 34 - Early Voting ,39,53,8,5,6,111,0.4774774774774775,0.35135135135135137,0.04504504504504504,0.07207207207207207,dunleavy,t 34 - Early Voting ,Distri,tric,0.12612612612612611
District 34 - Question ,30,32,3,9,3,77,0.4155844155844156,0.38961038961038963,0.11688311688311688,0.03896103896103896,dunleavy,t 34 - Question ,Distri,tric,0.025974025974025983
District 35 - Absentee ,38,47,5,10,6,106,0.44339622641509435,0.3584905660377358,0.09433962264150944,0.04716981132075472,dunleavy,t 35 - Absentee ,Distri,tric,0.08490566037735853
District 35 - Early Voting ,96,99,6,10,4,215,0.4604651162790698,0.44651162790697674,0.046511627906976744,0.027906976744186046,dunleavy,t 35 - Early Voting ,Distri,tric,0.013953488372093037
District 35 - Question ,33,55,5,3,5,101,0.5445544554455446,0.32673267326732675,0.0297029702970297,0.04950495049504951,dunleavy,t 35 - Question ,Distri,tric,0.21782178217821785
District 36 - Absentee ,79,29,6,2,6,122,0.23770491803278687,0.6475409836065574,0.01639344262295082,0.04918032786885246,begich,t 36 - Absentee ,Distri,tric,-0.40983606557377056
District 36 - Early Voting ,58,92,4,8,6,168,0.5476190476190477,0.34523809523809523,0.047619047619047616,0.023809523809523808,dunleavy,t 36 - Early Voting ,Distri,tric,0.20238095238095244
District 36 - Question ,13,100,10,6,3,132,0.7575757575757576,0.09848484848484848,0.045454545454545456,0.07575757575757576,dunleavy,t 36 - Question ,Distri,tric,0.6590909090909091
District 37 - Absentee ,70,30,6,8,6,120,0.25,0.5833333333333334,0.06666666666666667,0.05,begich,t 37 - Absentee ,Distri,tric,-0.33333333333333337
District 37 - Early Voting ,92,14,5,3,9,123,0.11382113821138211,0.7479674796747967,0.024390243902439025,0.04065040650406504,begich,t 37 - Early Voting ,Distri,tric,-0.6341463414634146
District 37 - Question ,15,86,8,4,1,114,0.7543859649122807,0.13157894736842105,0.03508771929824561,0.07017543859649122,dunleavy,t 37 - Question ,Distri,tric,0.6228070175438597
District 38 - Absentee ,61,10,7,8,4,90,0.1111111111111111,0.6777777777777778,0.08888888888888889,0.07777777777777778,begich,t 38 - Absentee ,Distri,tric,-0.5666666666666667
District 38 - Early Voting ,85,87,6,9,1,188,0.4627659574468085,0.4521276595744681,0.047872340425531915,0.031914893617021274,dunleavy,t 38 - Early Voting ,Distri,tric,0.010638297872340385
District 38 - Question ,63,97,9,3,5,177,0.5480225988700564,0.3559322033898305,0.01694915254237288,0.05084745762711865,dunleavy,t 38 - Question ,Distri,tric,0.19209039548022594
District 39 - Absentee ,74,10,4,5,2,95,0.10526315789473684,0.7789473684210526,0.05263157894736842,0.042105263157894736,begich,t 39 - Absentee ,Distri,tric,-0.6736842105263158
District 39 - Early Voting ,66,87,4,5,9,171,0.5087719298245614,0.38596491228070173,0.029239766081871343,0.023391812865497075,dunleavy,t 39 - Early Voting ,Distri,tric,0.1228070175438597
District 39 - Question ,77,29,7,7,7,127,0.2283464566929134,0.6062992125984252,0.05511811023622047,0.05511811023622047,begich,t 39 - Question ,Distri,tric,-0.3779527559055118
District 4 - Absentee ,20,85,7,8,7,127,0.6692913385826772,0.15748031496062992,0.06299212598425197,0.05511811023622047,dunleavy,t 4 - Absentee ,Distri,tric,0.5118110236220472
District 4 - Early Voting ,92,61,7,9,10,179,0.3407821229050279,0.5139664804469274,0.05027932960893855,0.03910614525139665,begich,t 4 - Early Voting ,Distri,tric,-0.17318435754189948
District 4 - Question ,65,91,8,2,9,175,0.52,0.37142857142857144,0.011428571428571429,0.045714285714285714,dunleavy,t 4 - Question ,Distri,tric,0.14857142857142858
District 40 - Absentee ,47,43,8,6,9,113,0.3805309734513274,0.415929203539823,0.05309734513274336,0.07079646017699115,begich,t 40 - Absentee ,Distri,tric,-0.035398230088495575
District 40 - Early Voting ,89,43,7,4,9,152,0.28289473684210525,0.5855263157894737,0.02631578947368421,0.046052631578947366,begich,t 40 - Early Voting ,Distri,tric,-0.3026315789473684
District 40 - Question ,97,25,3,1,3,129,0.1937984496124031,0.751937984496124,0.007751937984496124,0.023255813953488372,begich,t 40 - Question ,Distri,tric,-0.5581395348837209
District 5 - Absentee ,81,73,7,2,6,169,0.4319526627218935,0.47928994082840237,0.011834319526627219,0.04142011834319527,begich,t 5 - Absentee ,Distri,tric,-0.047337278106508895
District 5 - Early Voting ,99,89,7,1,1,197,0.4517766497461929,0.5025380710659898,0.005076142131979695,0.03553299492385787,begich,t 5 - Early Voting ,Distri,tric,-0.050761421319796884
District 5 - Question ,67,54,7,4,7,139,0.38848920863309355,0.48201438848920863,0.02877697841726619,0.050359712230215826,begich,t 5 - Question ,Distri,tric,-0.09352517985611508
District 6 - Absentee ,38,50,6,6,9,109,0.45871559633027525,0.3486238532110092,0.05504587155963303,0.05504587155963303,dunleavy,t 6 - Absentee ,Distri,tric,0.11009174311926606
District 6 - Early Voting ,74,73,2,4,2,155,0.47096774193548385,0.4774193548387097,0.025806451612903226,0.012903225806451613,begich,t 6 - Early Voting ,Distri,tric,-0.006451612903225823
District 6 - Question ,74,35,7,2,2,120,0.2916666666666667,0.6166666666666667,0.016666666666666666,0.058333333333333334,begich,t 6 - Question ,Distri,tric,-0.325
District 7 - Absentee ,64,59,1,6,4,134,0.44029850746268656,0.47761194029850745,0.04477611940298507,0.007462686567164179,begich,t 7 - Absentee ,Distri,tric,-0.03731343283582089
District 7 - Early Voting ,36,70,8,3,9,126,0.5555555555555556,0.2857142857142857,0.023809523809523808,0.06349206349206349,dunleavy,t 7 - Early Voting ,Distri,tric,0.2698412698412699
District 7 - Question ,84,100,10,5,4,203,0.49261083743842365,0.41379310344827586,0.024630541871921183,0.04926108374384237,dunleavy,t 7 - Question ,Distri,tric,0.0788177339901478
District 8 - Absentee ,55,63,9,10,10,147,0.42857142857142855,0.3741496598639456,0.06802721088435375,0.061224489795918366,dunleavy,t 8 - Absentee ,Distri,tric,0.05442176870748294
District 8 - Early Voting ,89,100,8,4,5,206,0.4854368932038835,0.4320388349514563,0.019417475728155338,0.038834951456310676,dunleavy,t 8 - Early Voting ,Distri,tric,0.053398058252427216
District 8 - Question ,17,74,8,7,8,114,0.6491228070175439,0.14912280701754385,0.06140350877192982,0.07017543859649122,dunleavy,t 8 - Question ,Distri,tric,0.5
District 9 - Absentee ,11,65,1,10,9,96,0.6770833333333334,0.11458333333333333,0.10416666666666667,0.010416666666666666,dunleavy,t 9 - Absentee ,Distri,tric,0.5625
District 9 - Early Voting ,20,96,8,9,4,137,0.7007299270072993,0.145985401459854,0.06569343065693431,0.058394160583941604,dunleavy,t 9 - Early Voting ,Distri,tric,0.5547445255474452
District 9 - Question ,72,23,2,5,4,106,0.2169811320754717,0.6792452830188679,0.04716981132075472,0.018867924528301886,begich,t 9 - Question ,Distri,tric,-0.4622641509433962
